
-- Roles
INSERT INTO Role (name) VALUES
('Admin'),
('Manager'),
('School Nurse'),
('Parent');
-- Class
INSERT INTO Class (class_name, number_of_student)
VALUES 
('5A1', 30),
('4A1', 30),
('5A2', 30),
('4A2', 30),
('5A3', 30),
('4A3', 30),
('3A1', 30),
('2A1', 30),
('3A2', 30),
('2A2', 30),
('3A3', 30),
('2A3', 30),
('1A1', 30),
('1A2', 30),
('1A3', 30);

-- Severity_Of_Incident 
INSERT INTO Severity_Of_Incident (serverity) VALUES
(N'Nhẹ'),            
(N'Vừa'),            
(N'Nặng'),           
(N'Nguy kịch');





INSERT INTO Users (email, password, fullname, dayOfBirth, phone, gender, address, major, role_id, is_active, created_at)
VALUES
-- Admin
('quangtr04@gmail.com', '473829', N'Nguyễn Văn An', '1980-01-01', '0911000001', 'Nam', N'Q.1, TP.HCM', NULL, 1, 1, GETDATE()),

-- Manager
('duyquangn84@gmail.com', '928374', N'Phạm Thị Bích', '1982-02-02', '0911000002', N'Nữ', N'Q.3, TP.HCM', NULL, 2, 1, GETDATE()),

-- Nurses
('thanhhai612004@gmail.com', '109283', N'Trần Minh Hòa', '1990-03-10', '0911000003', N'Nữ', N'Q.5, TP.HCM', N'Y tá trường học', 3, 1, GETDATE()),
('nurse.lethanhhai@school.edu.vn', '385729', N'Lê Thanh Hải', '1989-09-09', '0911000004', 'Nam', N'Q.10, TP.HCM', N'Y sĩ', 3, 1, GETDATE()),
('nurse.vothihong@school.edu.vn', '582910', N'Võ Thị Hồng', '1991-07-07', '0911000005', N'Nữ', N'Q.7, TP.HCM', N'Y tá đa khoa', 3, 1, GETDATE()),

-- Parents
('parent.nguyenthituyet1@gmail.com', '230948', N'Nguyễn Thị Tuyết', '1985-05-01', '0911000006', N'Nữ', N'Q.1, TP.HCM', N'Thợ điện', 4, 1, GETDATE()),
('npsanhzt@gmail.com', '849203', N'Đinh Hoàng Minh', '1984-06-02', '0911000007', 'Nam', N'Q.3, TP.HCM', N'Luật sư', 4, 1, GETDATE()),
('parent.lethuthao3@gmail.com', '839120', N'Lê Thu Thảo', '1987-07-03', '0911000008', N'Nữ', N'Q.5, TP.HCM', N'Kế toán', 4, 1, GETDATE()),
('parent.tranthanhdat4@gmail.com', '902384', N'Trần Thanh Đạt', '1986-08-04', '0911000009', 'Nam', N'Q.10, TP.HCM', N'Y tá', 4, 1, GETDATE()),
('parent.phamkimanh5@gmail.com', '193847', N'Phạm Kim Anh', '1985-09-05', '0911000010', N'Nữ', N'Q.7, TP.HCM', N'Y tá', 4, 1, GETDATE()),
('parent.hoangvannam6@gmail.com', '658210', N'Hoàng Văn Nam', '1984-10-06', '0911000011', 'Nam', N'Q.11, TP.HCM', N'Giáo viên', 4, 1, GETDATE()),
('parent.dothithu7@gmail.com', '913485', N'Đỗ Thị Thu', '1983-11-07', '0911000012', N'Nữ', N'Tân Bình', N'Công nhân', 4, 1, GETDATE()),
('parent.nguyenvietlong8@gmail.com', '293847', N'Nguyễn Việt Long', '1982-12-08', '0911000013', 'Nam', N'Tân Phú', N'Bác sĩ', 4, 1, GETDATE()),
('parent.vutramy9@gmail.com', '384756', N'Vũ Trà My', '1986-01-09', '0911000014', N'Nữ', N'Bình Thạnh', N'Tài xế', 4, 1, GETDATE()),
('parent.danghoangtuan10@gmail.com', '674920', N'Đặng Hoàng Tuấn', '1987-02-10', '0911000015', 'Nam', N'Gò Vấp', N'Nhân viên bán hàng', 4, 1, GETDATE()),
('parent.phamthuychi11@gmail.com', '193857', N'Phạm Thùy Chi', '1988-03-11', '0911000016', N'Nữ', N'Q.6, TP.HCM', N'Bảo vệ', 4, 1, GETDATE()),
('parent.truongminhduc12@gmail.com', '829104', N'Trương Minh Đức', '1989-04-12', '0911000017', 'Nam', N'Q.2, TP.HCM', N'Kỹ sư xây dựng', 4, 1, GETDATE()),
('parent.nguyenthikieu13@gmail.com', '481029', N'Nguyễn Thị Kiều', '1990-05-13', '0911000018', N'Nữ', N'Q.8, TP.HCM', N'Chuyên viên IT', 4, 1, GETDATE()),
('parent.haquoctuan14@gmail.com', '847291', N'Hà Quốc Tuấn', '1985-06-14', '0911000019', 'Nam', N'Q.9, TP.HCM', N'Tư vấn viên', 4, 1, GETDATE()),
('parent.buitrucanh15@gmail.com', '593820', N'Bùi Trúc Anh', '1986-07-15', '0911000020', N'Nữ', N'Q.4, TP.HCM', N'Nhà thiết kế đồ họa', 4, 1, GETDATE()),
('parent.leminhtri16@gmail.com', '910384', N'Lê Minh Trí', '1984-08-16', '0911000021', 'Nam', N'Q.1, TP.HCM', N'Chuyên viên marketing', 4, 1, GETDATE()),
('parent.dinhthanhha17@gmail.com', '782394', N'Đinh Thanh Hà', '1983-09-17', '0911000022', N'Nữ', N'Q.3, TP.HCM', N'Nhân viên văn phòng', 4, 1, GETDATE()),
('parent.nguyenhoanghai18@gmail.com', '385720', N'Nguyễn Hoàng Hải', '1987-10-18', '0911000023', 'Nam', N'Q.5, TP.HCM', N'Nội trợ', 4, 1, GETDATE()),
('parent.phamthikim19@gmail.com', '928103', N'Phạm Thị Kim', '1989-11-19', '0911000024', N'Nữ', N'Q.10, TP.HCM', N'Nhân viên ngân hàng', 4, 1, GETDATE()),
('parent.hotrungnghia20@gmail.com', '120384', N'Hồ Trung Nghĩa', '1982-12-20', '0911000025', 'Nam', N'Q.7, TP.HCM', N'Công nhân may mặc', 4, 1, GETDATE()),
('parent.tranthithanh21@gmail.com', '981203', N'Trần Thị Thanh', '1981-01-21', '0911000026', N'Nữ', N'Q.11, TP.HCM', N'Kỹ thuật viên', 4, 1, GETDATE()),
('parent.nguyenphuocloc22@gmail.com', '284719', N'Nguyễn Phước Lộc', '1985-02-22', '0911000027', 'Nam', N'Tân Bình', N'Thợ cơ khí', 4, 1, GETDATE()),
('parent.vothibich23@gmail.com', '384120', N'Võ Thị Bích', '1984-03-23', '0911000028', N'Nữ', N'Tân Phú', N'Biên phiên dịch', 4, 1, GETDATE()),
('parent.dinhvandat24@gmail.com', '781920', N'Đinh Văn Đạt', '1986-04-24', '0911000029', 'Nam', N'Bình Thạnh', N'Kiến trúc sư', 4, 1, GETDATE()),
('parent.buithithao25@gmail.com', '182039', N'Bùi Thị Thảo', '1987-05-25', '0911000030', N'Nữ', N'Gò Vấp', N'Thợ may', 4, 1, GETDATE()),
('parent.hongvanan26@gmail.com', '928374', N'Hồng Văn An', '1988-06-26', '0911000031', 'Nam', N'Q.6, TP.HCM', N'Luật sư', 4, 1, GETDATE()),
('parent.tranthihuong27@gmail.com', '493820', N'Trần Thị Hương', '1989-07-27', '0911000032', N'Nữ', N'Q.2, TP.HCM', N'Tài xế', 4, 1, GETDATE()),
('parent.nguyenvandung28@gmail.com', '847391', N'Nguyễn Văn Dũng', '1985-08-28', '0911000033', 'Nam', N'Q.8, TP.HCM', N'Trưởng phòng kinh doanh', 4, 1, GETDATE()),
('parent.nguyenhoangyen29@gmail.com', '198374', N'Nguyễn Hoàng Yến', '1986-09-29', '0911000034', N'Nữ', N'Q.9, TP.HCM', N'Nhân viên bán hàng', 4, 1, GETDATE()),
('parent.phamminhphuc30@gmail.com', '483920', N'Phạm Minh Phúc', '1987-10-30', '0911000035', 'Nam', N'Q.4, TP.HCM', N'Nhân viên văn phòng', 4, 1, GETDATE()),
('parent.lethikieu31@gmail.com', '182930', N'Lê Thị Kiều', '1982-01-01', '0911000036', N'Nữ', N'Q.1, TP.HCM', N'Kế toán', 4, 1, GETDATE()),
('parent.phamvandan32@gmail.com', '847293', N'Phạm Văn Dần', '1983-02-02', '0911000037', 'Nam', N'Q.3, TP.HCM', N'Bác sĩ', 4, 1, GETDATE()),
('parent.ngothilan33@gmail.com', '983746', N'Ngô Thị Lan', '1981-03-03', '0911000038', N'Nữ', N'Q.5, TP.HCM', N'Lập trình viên', 4, 1, GETDATE()),
('parent.hotrungduc34@gmail.com', '485930', N'Hồ Trung Đức', '1984-04-04', '0911000039', 'Nam', N'Q.10, TP.HCM', N'Kỹ sư xây dựng', 4, 1, GETDATE()),
('parent.tranthithanh35@gmail.com', '583910', N'Trần Thị Thanh', '1985-05-05', '0911000040', N'Nữ', N'Q.7, TP.HCM', N'Giáo viên', 4, 1, GETDATE()),
('parent.vuthianh36@gmail.com', '928374', N'Vũ Thị Ánh', '1986-06-06', '0911000041', N'Nữ', N'Q.11, TP.HCM', N'Tư vấn viên', 4, 1, GETDATE()),
('parent.nguyenvanhuy37@gmail.com', '128374', N'Nguyễn Văn Huy', '1987-07-07', '0911000042', 'Nam', N'Tân Bình', N'Công chức', 4, 1, GETDATE()),
('parent.dangthikim38@gmail.com', '734928', N'Đặng Thị Kim', '1988-08-08', '0911000043', N'Nữ', N'Tân Phú', N'Nội trợ', 4, 1, GETDATE()),
('parent.truongthanhhai39@gmail.com', '390184', N'Trương Thành Hải', '1989-09-09', '0911000044', 'Nam', N'Bình Thạnh', N'Chuyên viên IT', 4, 1, GETDATE()),
('parent.hoangthimai40@gmail.com', '283749', N'Hoàng Thị Mai', '1982-10-10', '0911000045', N'Nữ', N'Gò Vấp', N'Công nhân', 4, 1, GETDATE()),
('parent.lethanhphong41@gmail.com', '940182', N'Lê Thành Phong', '1983-11-11', '0911000046', 'Nam', N'Q.6, TP.HCM', N'Kỹ thuật viên', 4, 1, GETDATE()),
('parent.dothihong42@gmail.com', '483920', N'Đỗ Thị Hồng', '1984-12-12', '0911000047', N'Nữ', N'Q.2, TP.HCM', N'Nhân viên ngân hàng', 4, 1, GETDATE()),
('parent.phamminhthong43@gmail.com', '120384', N'Phạm Minh Thông', '1985-01-13', '0911000048', 'Nam', N'Q.8, TP.HCM', N'Thợ điện', 4, 1, GETDATE()),
('parent.nguyenthilinh44@gmail.com', '192837', N'Nguyễn Thị Linh', '1986-02-14', '0911000049', N'Nữ', N'Q.9, TP.HCM', N'Thợ cơ khí', 4, 1, GETDATE()),
('parent.buitrungdung45@gmail.com', '984720', N'Bùi Trung Dũng', '1987-03-15', '0911000050', 'Nam', N'Q.4, TP.HCM', N'Chuyên viên marketing', 4, 1, GETDATE()),
('parent.tranthikim46@gmail.com', '102938', N'Trần Thị Kim', '1988-04-16', '0911000051', N'Nữ', N'Q.1, TP.HCM', N'Bảo vệ', 4, 1, GETDATE()),
('parent.hothanhvu47@gmail.com', '847193', N'Hồ Thanh Vũ', '1989-05-17', '0911000052', 'Nam', N'Q.3, TP.HCM', N'Lập trình viên', 4, 1, GETDATE()),
('parent.vuthuhuong48@gmail.com', '581029', N'Vũ Thu Hương', '1990-06-18', '0911000053', N'Nữ', N'Q.5, TP.HCM', N'Biên phiên dịch', 4, 1, GETDATE()),
('parent.ngovandan49@gmail.com', '928173', N'Ngô Văn Đàn', '1982-07-19', '0911000054', 'Nam', N'Q.10, TP.HCM', N'Nhà thiết kế đồ họa', 4, 1, GETDATE()),
('parent.lengocanh50@gmail.com', '284720', N'Lê Ngọc Ánh', '1983-08-20', '0911000055', N'Nữ', N'Q.7, TP.HCM', N'Nhân viên logistics', 4, 1, GETDATE()),
('parent.phamhuutuan51@gmail.com', '392847', N'Phạm Hữu Tuân', '1984-09-21', '0911000056', 'Nam', N'Q.11, TP.HCM', N'Trưởng phòng kinh doanh', 4, 1, GETDATE()),
('parent.dothithanh52@gmail.com', '471920', N'Đỗ Thị Thanh', '1985-10-22', '0911000057', N'Nữ', N'Tân Bình', N'Công nhân may mặc', 4, 1, GETDATE()),
('parent.nguyenhongson53@gmail.com', '584920', N'Nguyễn Hồng Sơn', '1986-11-23', '0911000058', 'Nam', N'Tân Phú', N'Kiến trúc sư', 4, 1, GETDATE()),
('parent.tranthimai54@gmail.com', '920384', N'Trần Thị Mai', '1987-12-24', '0911000059', N'Nữ', N'Bình Thạnh', N'Thợ may', 4, 1, GETDATE()),
('parent.haphuongnam55@gmail.com', '148273', N'Hà Phương Nam', '1988-01-25', '0911000060', 'Nam', N'Gò Vấp', N'Công chức', 4, 1, GETDATE()),
('parent.trinhthikim56@gmail.com', '830192', N'Trịnh Thị Kim', '1989-02-26', '0911000061', N'Nữ', N'Q.6, TP.HCM', N'Nhân viên logistics', 4, 1, GETDATE()),
('parent.caoquocdat57@gmail.com', '294817', N'Cao Quốc Đạt', '1990-03-27', '0911000062', 'Nam', N'Q.2, TP.HCM', N'Kinh doanh tự do', 4, 1, GETDATE()),
('parent.dothanhha58@gmail.com', '729103', N'Đỗ Thanh Hà', '1981-04-28', '0911000063', N'Nữ', N'Q.8, TP.HCM', N'Quản lý nhà hàng', 4, 1, GETDATE()),
('parent.phamvanbao59@gmail.com', '128374', N'Phạm Văn Bảo', '1982-05-29', '0911000064', 'Nam', N'Q.9, TP.HCM', N'Nhân viên ngân hàng', 4, 1, GETDATE()),
('parent.ngothikim60@gmail.com', '847291', N'Ngô Thị Kim', '1983-06-30', '0911000065', N'Nữ', N'Q.4, TP.HCM', N'Chuyên viên IT', 4, 1, GETDATE()),
('parent.lethilan66@gmail.com', '123456', N'Lê Thị Lan', '1980-07-01', '0911000066', N'Nữ', N'Q.1, TP.HCM', N'Nhân viên văn phòng', 4, 1, GETDATE()),
('parent.nguyenvanhung67@gmail.com', '234567', N'Nguyễn Văn Hùng', '1985-08-02', '0911000067', 'Nam', N'Q.3, TP.HCM', N'Kỹ sư', 4, 1, GETDATE()),
('parent.tranminhtu68@gmail.com', '345678', N'Trần Minh Tú', '1982-09-03', '0911000068', 'Nam', N'Q.5, TP.HCM', N'Kế toán', 4, 1, GETDATE()),
('parent.phamthuhuong69@gmail.com', '456789', N'Phạm Thu Hương', '1984-10-04', '0911000069', N'Nữ', N'Q.10, TP.HCM', N'Thợ may', 4, 1, GETDATE()),
('parent.vohoangson70@gmail.com', '567890', N'Võ Hoàng Sơn', '1986-11-05', '0911000070', 'Nam', N'Q.7, TP.HCM', N'Tài xế', 4, 1, GETDATE()),
('parent.dothithanhthuy71@gmail.com', '678901', N'Đỗ Thị Thanh Thúy', '1981-12-06', '0911000071', N'Nữ', N'Q.11, TP.HCM', N'Nội trợ', 4, 1, GETDATE()),
('parent.buiquanghuy72@gmail.com', '789012', N'Bùi Quang Huy', '1987-01-07', '0911000072', 'Nam', N'Tân Bình', N'Bác sĩ', 4, 1, GETDATE()),
('parent.hoangyennh73@gmail.com', '890123', N'Hoàng Yến Nhi', '1983-02-08', '0911000073', N'Nữ', N'Tân Phú', N'Giáo viên', 4, 1, GETDATE()),
('parent.dinhtuananh74@gmail.com', '901234', 'Đinh Tuấn Anh', '1985-03-09', '0911000074', 'Nam', N'Bình Thạnh', N'Lập trình viên', 4, 1, GETDATE()),
('parent.nguyenthikimchi75@gmail.com', '012345', N'Nguyễn Thị Kim Chi', '1980-04-10', '0911000075', N'Nữ', N'Gò Vấp', N'Chuyên viên marketing', 4, 1, GETDATE()),
('parent.lehudat76@gmail.com', '112233', N'Lê Hữu Đạt', '1988-05-11', '0911000076', 'Nam', N'Q.6, TP.HCM', N'Công nhân', 4, 1, GETDATE()),
('parent.phamngoctram77@gmail.com', '223344', N'Phạm Ngọc Trâm', '1982-06-12', '0911000077', N'Nữ', N'Q.2, TP.HCM', N'Biên phiên dịch', 4, 1, GETDATE()),
('parent.tranquocbao78@gmail.com', '334455', N'Trần Quốc Bảo', '1984-07-13', '0911000078', 'Nam', N'Q.8, TP.HCM', N'Kiến trúc sư', 4, 1, GETDATE()),
('parent.nguyenthituyetmai79@gmail.com', '445566', N'Nguyễn Thị Tuyết Mai', '1986-08-14', '0911000079', N'Nữ', N'Q.9, TP.HCM', N'Tư vấn viên', 4, 1, GETDATE()),
('parent.vudinhkhang80@gmail.com', '556677', N'Vũ Đình Khang', '1981-09-15', '0911000080', 'Nam', N'Q.4, TP.HCM', N'Nhà thiết kế', 4, 1, GETDATE()),
('parent.hathithuydung81@gmail.com', '667788', N'Hà Thị Thùy Dung', '1987-10-16', '0911000081', N'Nữ', N'Q.1, TP.HCM', N'Nhân viên ngân hàng', 4, 1, GETDATE()),
('parent.dangthanhphong82@gmail.com', '778899', N'Đặng Thanh Phong', '1983-11-17', '0911000082', 'Nam', N'Q.3, TP.HCM', N'Kinh doanh tự do', 4, 1, GETDATE()),
('parent.buithanhloan83@gmail.com', '889900', N'Bùi Thanh Loan', '1985-12-18', '0911000083', N'Nữ', N'Q.5, TP.HCM', N'Quản lý', 4, 1, GETDATE()),
('parent.ngogiuhuy84@gmail.com', '990011', N'Ngô Gia Huy', '1982-01-19', '0911000084', 'Nam', N'Q.10, TP.HCM', N'Thợ điện', 4, 1, GETDATE()),
('parent.lethibaoan85@gmail.com', '001122', N'Lê Thị Bảo An', '1984-02-20', '0911000085', N'Nữ', N'Q.7, TP.HCM', N'Thợ cơ khí', 4, 1, GETDATE()),
('parent.phamvancuong86@gmail.com', '112233', N'Phạm Văn Cường', '1986-03-21', '0911000086', 'Nam', N'Q.11, TP.HCM', N'Chuyên viên IT', 4, 1, GETDATE()),
('parent.tranthingocth87@gmail.com', '223344', N'Trần Thị Ngọc Bích', '1981-04-22', '0911000087', N'Nữ', N'Tân Bình', N'Nội trợ', 4, 1, GETDATE()),
('parent.nguyendinhthinh88@gmail.com', '334455', N'Nguyễn Đình Thịnh', '1987-05-23', '0911000088', 'Nam', N'Tân Phú', N'Công chức', 4, 1, GETDATE()),
('parent.vothitramy89@gmail.com', '445566', N'Võ Thị Trà My', '1983-06-24', '0911000089', N'Nữ', N'Bình Thạnh', N'Kế toán', 4, 1, GETDATE()),
('parent.dinhhuuloc90@gmail.com', '556677', 'Đinh Hữu Lộc', '1985-07-25', '0911000090', 'Nam', N'Gò Vấp', N'Giáo viên', 4, 1, GETDATE()),
('parent.buithihaiyen91@gmail.com', '667788', N'Bùi Thị Hải Yến', '1980-08-26', '0911000091', N'Nữ', N'Q.6, TP.HCM', N'Luật sư', 4, 1, GETDATE()),
('parent.leductrong92@gmail.com', '778899', N'Lê Đức Trọng', '1988-09-27', '0911000092', 'Nam', N'Q.2, TP.HCM', N'Bác sĩ', 4, 1, GETDATE()),
('parent.nguyenthimy93@gmail.com', '889900', N'Nguyễn Thị Hà My', '1982-10-28', '0911000093', N'Nữ', N'Q.8, TP.HCM', N'Nhân viên bán hàng', 4, 1, GETDATE()),
('parent.phamgiakhang94@gmail.com', '990011', N'Phạm Gia Khang', '1984-11-29', '0911000094', 'Nam', N'Q.9, TP.HCM', N'Thợ may', 4, 1, GETDATE()),
('parent.daothimyduyen95@gmail.com', '001122', N'Đào Thị Mỹ Duyên', '1986-12-30', '0911000095', N'Nữ', N'Q.4, TP.HCM', N'Tài xế', 4, 1, GETDATE()),
('parent.tranvananh96@gmail.com', '121212', N'Trần Văn Anh', '1981-01-01', '0911000096', 'Nam', N'Q.1, TP.HCM', N'Bảo vệ', 4, 1, GETDATE()),
('parent.lethinguyet97@gmail.com', '131313', N'Lê Thị Nguyệt', '1987-02-02', '0911000097', N'Nữ', N'Q.3, TP.HCM', N'Kỹ sư xây dựng', 4, 1, GETDATE()),
('parent.phamvanbach98@gmail.com', '141414', N'Phạm Văn Bách', '1983-03-03', '0911000098', 'Nam', N'Q.5, TP.HCM', N'Chuyên viên IT', 4, 1, GETDATE()),
('parent.nguyenthidieu99@gmail.com', '151515', N'Nguyễn Thị Diệu', '1985-04-04', '0911000099', N'Nữ', N'Q.10, TP.HCM', N'Tư vấn viên', 4, 1, GETDATE()),
('parent.vovankhanh100@gmail.com', '161616', N'Võ Văn Khánh', '1980-05-05', '0911000100', 'Nam', N'Q.7, TP.HCM', N'Nhà thiết kế đồ họa', 4, 1, GETDATE()),
('parent.dohuonggiang101@gmail.com', '171717', N'Đỗ Hương Giang', '1988-06-06', '0911000101', N'Nữ', N'Q.11, TP.HCM', N'Chuyên viên marketing', 4, 1, GETDATE()),
('parent.buiminhquan102@gmail.com', '181818', N'Bùi Minh Quân', '1982-07-07', '0911000102', 'Nam', N'Tân Bình', N'Nhân viên văn phòng', 4, 1, GETDATE()),
('parent.hoangthithu103@gmail.com', '191919', N'Hoàng Thị Thu', '1984-08-08', '0911000103', N'Nữ', N'Tân Phú', N'Nội trợ', 4, 1, GETDATE()),
('parent.dinhthedat104@gmail.com', '202020', 'Đinh Thế Đạt', '1986-09-09', '0911000104', 'Nam', N'Bình Thạnh', N'Nhân viên ngân hàng', 4, 1, GETDATE()),
('parent.nguyenthiminh105@gmail.com', '212121', N'Nguyễn Thị Minh', '1981-10-10', '0911000105', N'Nữ', N'Gò Vấp', N'Công nhân may mặc', 4, 1, GETDATE()),
('parent.lethienhuong106@gmail.com', '222222', N'Lê Thiên Hương', '1987-11-11', '0911000106', N'Nữ', N'Q.6, TP.HCM', N'Kỹ thuật viên', 4, 1, GETDATE()),
('parent.tranvanlinh107@gmail.com', '232323', N'Trần Văn Linh', '1983-12-12', '0911000107', 'Nam', N'Q.2, TP.HCM', N'Thợ cơ khí', 4, 1, GETDATE()),
('parent.phamthihong108@gmail.com', '242424', N'Phạm Thị Hồng', '1985-01-13', '0911000108', N'Nữ', N'Q.8, TP.HCM', N'Biên phiên dịch', 4, 1, GETDATE()),
('parent.nguyenvantrung109@gmail.com', '252525', N'Nguyễn Văn Trung', '1980-02-14', '0911000109', 'Nam', N'Q.9, TP.HCM', N'Kiến trúc sư', 4, 1, GETDATE()),
('parent.vothithuha110@gmail.com', '262626', N'Võ Thị Thu Hà', '1988-03-15', '0911000110', N'Nữ', N'Q.4, TP.HCM', N'Thợ may', 4, 1, GETDATE()),
('parent.dangquanghuy111@gmail.com', '272727', N'Đặng Quang Huy', '1982-04-16', '0911000111', 'Nam', N'Q.1, TP.HCM', N'Công chức', 4, 1, GETDATE()),
('parent.buithuyvan112@gmail.com', '282828', N'Bùi Thùy Vân', '1984-05-17', '0911000112', N'Nữ', N'Q.3, TP.HCM', N'Nhân viên logistics', 4, 1, GETDATE()),
('parent.hoangthithao113@gmail.com', '292929', 'Hoàng Thị Thảo', '1986-06-18', '0911000113', N'Nữ', N'Q.5, TP.HCM', N'Kinh doanh tự do', 4, 1, GETDATE()),
('parent.dothivananh114@gmail.com', '303030', N'Đỗ Thị Vân Anh', '1981-07-19', '0911000114', N'Nữ', N'Q.10, TP.HCM', N'Quản lý nhà hàng', 4, 1, GETDATE()),
('parent.nguyenthuyduong115@gmail.com', '313131', N'Nguyễn Thùy Dương', '1987-08-20', '0911000115', N'Nữ', N'Q.7, TP.HCM', N'Nhân viên ngân hàng', 4, 1, GETDATE()),
('parent.leanhkhoa116@gmail.com', '323232', N'Lê Anh Khoa', '1983-09-21', '0911000116', 'Nam', N'Q.11, TP.HCM', N'Chuyên viên IT', 4, 1, GETDATE()),
('parent.tranthitrang117@gmail.com', '333333', N'Trần Thị Trang', '1985-10-22', '0911000117', N'Nữ', N'Tân Bình', N'Thợ điện', 4, 1, GETDATE()),
('parent.phamhuulo118@gmail.com', '343434', N'Phạm Hữu Lộc', '1980-11-23', '0911000118', 'Nam', N'Tân Phú', N'Luật sư', 4, 1, GETDATE()),
('parent.nguyenthiyen119@gmail.com', '353535', N'Nguyễn Thị Yến', '1988-12-24', '0911000119', N'Nữ', N'Bình Thạnh', N'Kế toán', 4, 1, GETDATE()),
('parent.vuminhphuong120@gmail.com', '363636', 'Vũ Minh Phương', '1982-01-25', '0911000120', N'Nữ', N'Gò Vấp', N'Y tá', 4, 1, GETDATE()),
('parent.dangvandien121@gmail.com', '373737', N'Đặng Văn Điển', '1984-02-26', '0911000121', 'Nam', N'Q.6, TP.HCM', N'Thợ điện', 4, 1, GETDATE()),
('parent.buithibao122@gmail.com', '383838', N'Bùi Thị Bảo', '1986-03-27', '0911000122', N'Nữ', N'Q.2, TP.HCM', N'Luật sư', 4, 1, GETDATE()),
('parent.hoangvannguyen123@gmail.com', '393939', N'Hoàng Văn Nguyễn', '1981-04-28', '0911000123', 'Nam', N'Q.8, TP.HCM', N'Kế toán', 4, 1, GETDATE()),
('parent.dothithoa124@gmail.com', '404040', N'Đỗ Thị Thoa', '1987-05-29', '0911000124', N'Nữ', N'Q.9, TP.HCM', N'Y tá', 4, 1, GETDATE()),
('parent.nguyenvantoan125@gmail.com', '414141', N'Nguyễn Văn Toàn', '1983-06-30', '0911000125', 'Nam', N'Q.4, TP.HCM', N'Y tá', 4, 1, GETDATE()),
('parent.lethithao126@gmail.com', '424242', N'Lê Thị Thảo', '1985-07-01', '0911000126', N'Nữ', N'Q.1, TP.HCM', N'Giáo viên', 4, 1, GETDATE()),
('parent.tranminhphuoc127@gmail.com', '434343', N'Trần Minh Phước', '1980-08-02', '0911000127', 'Nam', N'Q.3, TP.HCM', N'Công nhân', 4, 1, GETDATE()),
('parent.phamthikhanh128@gmail.com', '444444', N'Phạm Thị Khánh', '1988-09-03', '0911000128', N'Nữ', N'Q.5, TP.HCM', N'Bác sĩ', 4, 1, GETDATE()),
('parent.nguyenvancuong129@gmail.com', '454545', N'Nguyễn Văn Cường', '1982-10-04', '0911000129', 'Nam', N'Q.10, TP.HCM', N'Tài xế', 4, 1, GETDATE()),
('parent.votrunghieu130@gmail.com', '464646', 'Võ Trung Hiếu', '1984-11-05', '0911000130', 'Nam', N'Q.7, TP.HCM', N'Nhân viên bán hàng', 4, 1, GETDATE()),
('parent.danghoangduc131@gmail.com', '474747', N'Đặng Hoàng Đức', '1986-12-06', '0911000131', 'Nam', N'Q.11, TP.HCM', N'Bảo vệ', 4, 1, GETDATE()),
('parent.buithihai132@gmail.com', '484848', N'Bùi Thị Hải', '1981-01-07', '0911000132', N'Nữ', N'Tân Bình', N'Kỹ sư xây dựng', 4, 1, GETDATE()),
('parent.hoangthithao133@gmail.com', '494949', 'Hoàng Thị Thảo', '1987-02-08', '0911000133', N'Nữ', N'Tân Phú', N'Chuyên viên IT', 4, 1, GETDATE()),
('parent.dinhtuananh134@gmail.com', '505050', 'Đinh Tuấn Anh', '1983-03-09', '0911000134', 'Nam', N'Bình Thạnh', N'Tư vấn viên', 4, 1, GETDATE()),
('parent.nguyenthiquynh135@gmail.com', '515151', N'Nguyễn Thị Quỳnh', '1985-04-10', '0911000135', N'Nữ', N'Gò Vấp', N'Nhà thiết kế đồ họa', 4, 1, GETDATE()),
('parent.lethidiem136@gmail.com', '525252', N'Lê Thị Diễm', '1980-05-11', '0911000136', N'Nữ', N'Q.6, TP.HCM', N'Chuyên viên marketing', 4, 1, GETDATE()),
('parent.tranvanhung137@gmail.com', '535353', N'Trần Văn Hưng', '1988-06-12', '0911000137', 'Nam', N'Q.2, TP.HCM', N'Nhân viên văn phòng', 4, 1, GETDATE()),
('parent.phamthuhien138@gmail.com', '545454', N'Phạm Thu Hiền', '1982-07-13', '0911000138', N'Nữ', N'Q.8, TP.HCM', N'Nội trợ', 4, 1, GETDATE()),
('parent.nguyenvankiet139@gmail.com', '555555', N'Nguyễn Văn Kiệt', '1984-08-14', '0911000139', 'Nam', N'Q.9, TP.HCM', N'Nhân viên ngân hàng', 4, 1, GETDATE()),
('parent.vothithanh140@gmail.com', '565656', N'Võ Thị Thanh', '1986-09-15', '0911000140', N'Nữ', N'Q.4, TP.HCM', N'Công nhân may mặc', 4, 1, GETDATE()),
('parent.dangthanhthai141@gmail.com', '575757', N'Đặng Thanh Thái', '1981-10-16', '0911000141', 'Nam', N'Q.1, TP.HCM', N'Kỹ thuật viên', 4, 1, GETDATE()),
('parent.buithianh142@gmail.com', '585858', N'Bùi Thị Anh', '1987-11-17', '0911000142', N'Nữ', N'Q.3, TP.HCM', N'Thợ cơ khí', 4, 1, GETDATE()),
('parent.hoangthuytien143@gmail.com', '595959', 'Hoàng Thùy Tiên', '1983-12-18', '0911000143', N'Nữ', N'Q.5, TP.HCM', N'Biên phiên dịch', 4, 1, GETDATE()),
('parent.dothianhthu144@gmail.com', '606060', N'Đỗ Thị Anh Thư', '1985-01-19', '0911000144', N'Nữ', N'Q.10, TP.HCM', N'Kiến trúc sư', 4, 1, GETDATE()),
('parent.nguyenvancau145@gmail.com', '616161', N'Nguyễn Văn Câu', '1980-02-20', '0911000145', 'Nam', N'Q.7, TP.HCM', N'Thợ may', 4, 1, GETDATE()),
('parent.lethimylinh146@gmail.com', '626262', N'Lê Thị Mỹ Linh', '1988-03-21', '0911000146', N'Nữ', N'Q.11, TP.HCM', N'Công chức', 4, 1, GETDATE()),
('parent.tranvanhau147@gmail.com', '636363', N'Trần Văn Hậu', '1982-04-22', '0911000147', 'Nam', N'Tân Bình', N'Nhân viên logistics', 4, 1, GETDATE()),
('parent.phamthimaianh148@gmail.com', '646464', N'Phạm Thị Mai Anh', '1984-05-23', '0911000148', N'Nữ', N'Tân Phú', N'Kinh doanh tự do', 4, 1, GETDATE()),
('parent.nguyenthihanh149@gmail.com', '656565', N'Nguyễn Thị Hạnh', '1986-06-24', '0911000149', N'Nữ', N'Bình Thạnh', N'Quản lý nhà hàng', 4, 1, GETDATE()),
('parent.votruongson150@gmail.com', '666666', 'Võ Trường Sơn', '1981-07-25', '0911000150', 'Nam', N'Gò Vấp', N'Nhân viên ngân hàng', 4, 1, GETDATE()),
('parent.dangvanphuong151@gmail.com', '676767', 'Đặng Văn Phương', '1987-08-26', '0911000151', 'Nam', N'Q.6, TP.HCM', N'Chuyên viên IT', 4, 1, GETDATE()),
('parent.buithitrang152@gmail.com', '686868', N'Bùi Thị Trang', '1983-09-27', '0911000152', N'Nữ', N'Q.2, TP.HCM', N'Thợ điện', 4, 1, GETDATE()),
('parent.hoangthuyduong153@gmail.com', '696969', 'Hoàng Thùy Dương', '1985-10-28', '0911000153', N'Nữ', N'Q.8, TP.HCM', N'Luật sư', 4, 1, GETDATE()),
('parent.dothihuyen154@gmail.com', '707070', N'Đỗ Thị Huyền', '1980-11-29', '0911000154', N'Nữ', N'Q.9, TP.HCM', N'Kế toán', 4, 1, GETDATE()),
('parent.nguyenvansang155@gmail.com', '717171', N'Nguyễn Văn Sang', '1988-12-30', '0911000155', 'Nam', N'Q.4, TP.HCM', N'Y tá', 4, 1, GETDATE()),
('parent.lethiquynh156@gmail.com', '727272', N'Lê Thị Quỳnh', '1982-01-01', '0911000156', N'Nữ', N'Q.1, TP.HCM', N'Thợ điện', 4, 1, GETDATE()),
('parent.tranvananh157@gmail.com', '737373', N'Trần Văn Anh', '1984-02-02', '0911000157', 'Nam', N'Q.3, TP.HCM', N'Luật sư', 4, 1, GETDATE()),
('parent.phamthianh158@gmail.com', '747474', N'Phạm Thị Ánh', '1986-03-03', '0911000158', N'Nữ', N'Q.5, TP.HCM', N'Kế toán', 4, 1, GETDATE()),
('parent.nguyenvanduy159@gmail.com', '757575', N'Nguyễn Văn Duy', '1981-04-04', '0911000159', 'Nam', N'Q.10, TP.HCM', N'Y tá', 4, 1, GETDATE()),
('parent.votruonggiang160@gmail.com', '767676', 'Võ Trường Giang', '1987-05-05', '0911000160', 'Nam', N'Q.7, TP.HCM', N'Y tá', 4, 1, GETDATE()),
('parent.danghoanganh161@gmail.com', '777777', 'Đặng Hoàng Anh', '1983-06-06', '0911000161', 'Nam', N'Q.11, TP.HCM', N'Giáo viên', 4, 1, GETDATE()),
('parent.buithituyet162@gmail.com', '787878', N'Bùi Thị Tuyết', '1985-07-07', '0911000162', N'Nữ', N'Tân Bình', N'Công nhân', 4, 1, GETDATE()),
('parent.hoangvanminh163@gmail.com', '797979', N'Hoàng Văn Minh', '1980-08-08', '0911000163', 'Nam', N'Tân Phú', N'Bác sĩ', 4, 1, GETDATE()),
('parent.dothihien164@gmail.com', '808080', N'Đỗ Thị Hiền', '1988-09-09', '0911000164', N'Nữ', N'Bình Thạnh', N'Tài xế', 4, 1, GETDATE()),
('parent.nguyenthitrang165@gmail.com', '818181', N'Nguyễn Thị Trang', '1982-10-10', '0911000165', N'Nữ', N'Gò Vấp', N'Nhân viên bán hàng', 4, 1, GETDATE()),
('parent.lethikimtuyen166@gmail.com', '828282', N'Lê Thị Kim Tuyền', '1984-11-11', '0911000166', N'Nữ', N'Q.6, TP.HCM', N'Bảo vệ', 4, 1, GETDATE()),
('parent.tranvanthanh167@gmail.com', '838383', N'Trần Văn Thanh', '1986-12-12', '0911000167', 'Nam', N'Q.2, TP.HCM', N'Kỹ sư xây dựng', 4, 1, GETDATE()),
('parent.phamthithanhnga168@gmail.com', '848484', N'Phạm Thị Thanh Nga', '1981-01-13', '0911000168', N'Nữ', N'Q.8, TP.HCM', N'Chuyên viên IT', 4, 1, GETDATE()),
('parent.nguyenvankhoa169@gmail.com', '858585', N'Nguyễn Văn Khoa', '1987-02-14', '0911000169', 'Nam', N'Q.9, TP.HCM', N'Tư vấn viên', 4, 1, GETDATE()),
('parent.vothithuy170@gmail.com', '868686', N'Võ Thị Thúy', '1983-03-15', '0911000170', N'Nữ', N'Q.4, TP.HCM', N'Nhà thiết kế đồ họa', 4, 1, GETDATE()),
('parent.danghoangphuc171@gmail.com', '878787', 'Đặng Hoàng Phúc', '1985-04-16', '0911000171', 'Nam', N'Q.1, TP.HCM', N'Chuyên viên marketing', 4, 1, GETDATE()),
('parent.buithikimnga172@gmail.com', '888888', N'Bùi Thị Kim Ngân', '1980-05-17', '0911000172', N'Nữ', N'Q.3, TP.HCM', N'Nhân viên văn phòng', 4, 1, GETDATE()),
('parent.hoangvanan173@gmail.com', '898989', 'Hoàng Văn An', '1988-06-18', '0911000173', 'Nam', N'Q.5, TP.HCM', N'Nội trợ', 4, 1, GETDATE()),
('parent.dothianhdao174@gmail.com', '909090', N'Đỗ Thị Anh Đào', '1982-07-19', '0911000174', N'Nữ', N'Q.10, TP.HCM', N'Nhân viên ngân hàng', 4, 1, GETDATE()),
('parent.nguyenthuyhang175@gmail.com', '919191', N'Nguyễn Thùy Hằng', '1984-08-20', '0911000175', N'Nữ', N'Q.7, TP.HCM', N'Công nhân may mặc', 4, 1, GETDATE()),
('parent.lethaibinh176@gmail.com', '929292', N'Lê Thái Bình', '1986-09-21', '0911000176', 'Nam', N'Q.11, TP.HCM', N'Kỹ thuật viên', 4, 1, GETDATE()),
('parent.tranvanlam177@gmail.com', '939393', N'Trần Văn Lâm', '1981-10-22', '0911000177', 'Nam', N'Tân Bình', N'Thợ cơ khí', 4, 1, GETDATE()),
('parent.phamthiminh178@gmail.com', '949494', N'Phạm Thị Minh', '1987-11-23', '0911000178', N'Nữ', N'Tân Phú', N'Biên phiên dịch', 4, 1, GETDATE()),
('parent.nguyenvandung179@gmail.com', '959595', N'Nguyễn Văn Dũng', '1983-12-24', '0911000179', 'Nam', N'Bình Thạnh', N'Kiến trúc sư', 4, 1, GETDATE()),
('parent.votrunghieu180@gmail.com', '969696', 'Võ Trung Hiếu', '1985-01-25', '0911000180', 'Nam', N'Gò Vấp', N'Thợ may', 4, 1, GETDATE()),
('parent.danghoangviet181@gmail.com', '979797', 'Đặng Hoàng Việt', '1980-02-26', '0911000181', 'Nam', N'Q.6, TP.HCM', N'Công chức', 4, 1, GETDATE()),
('parent.buithile182@gmail.com', '989898', N'Bùi Thị Lê', '1988-03-27', '0911000182', N'Nữ', N'Q.2, TP.HCM', N'Nhân viên logistics', 4, 1, GETDATE()),
('parent.hoangthithuy183@gmail.com', '999999', 'Hoàng Thị Thùy', '1982-04-28', '0911000183', N'Nữ', N'Q.8, TP.HCM', N'Kinh doanh tự do', 4, 1, GETDATE()),
('parent.dothihuong184@gmail.com', '101010', N'Đỗ Thị Hương', '1984-05-29', '0911000184', N'Nữ', N'Q.9, TP.HCM', N'Quản lý nhà hàng', 4, 1, GETDATE()),
('parent.nguyenvancuong185@gmail.com', '111111', N'Nguyễn Văn Cường', '1986-06-30', '0911000185', 'Nam', N'Q.4, TP.HCM', N'Nhân viên ngân hàng', 4, 1, GETDATE()),
('parent.lethithuyduong186@gmail.com', '121212', N'Lê Thị Thùy Dương', '1981-07-01', '0911000186', N'Nữ', N'Q.1, TP.HCM', N'Chuyên viên IT', 4, 1, GETDATE()),
('parent.tranvanthanh187@gmail.com', '131313', N'Trần Văn Thanh', '1987-08-02', '0911000187', 'Nam', N'Q.3, TP.HCM', N'Thợ điện', 4, 1, GETDATE()),
('parent.phamthikhanh188@gmail.com', '141414', N'Phạm Thị Khánh', '1983-09-03', '0911000188', N'Nữ', N'Q.5, TP.HCM', N'Luật sư', 4, 1, GETDATE()),
('parent.nguyenvankiet189@gmail.com', '151515', N'Nguyễn Văn Kiệt', '1985-10-04', '0911000189', 'Nam', N'Q.10, TP.HCM', N'Kế toán', 4, 1, GETDATE()),
('parent.vothithuha190@gmail.com', '161616', N'Võ Thị Thu Hà', '1980-11-05', '0911000190', N'Nữ', N'Q.7, TP.HCM', N'Y tá', 4, 1, GETDATE()),
('parent.danghoangduc191@gmail.com', '171717', 'Đặng Hoàng Đức', '1988-12-06', '0911000191', 'Nam', N'Q.11, TP.HCM', N'Thợ điện', 4, 1, GETDATE()),
('parent.buithihai192@gmail.com', '181818', N'Bùi Thị Hải', '1982-01-07', '0911000192', N'Nữ', N'Tân Bình', N'Luật sư', 4, 1, GETDATE()),
('parent.hoangthithao193@gmail.com', '191919', 'Hoàng Thị Thảo', '1984-02-08', '0911000193', N'Nữ', N'Tân Phú', N'Kế toán', 4, 1, GETDATE()),
('parent.dothianhthu194@gmail.com', '202020', N'Đỗ Thị Anh Thư', '1986-03-09', '0911000194', N'Nữ', N'Bình Thạnh', N'Y tá', 4, 1, GETDATE()),
('parent.nguyenvantoan195@gmail.com', '212121', N'Nguyễn Văn Toàn', '1981-04-10', '0911000195', 'Nam', N'Gò Vấp', N'Y tá', 4, 1, GETDATE()),
('parent.lethithao196@gmail.com', '222222', N'Lê Thị Thảo', '1987-05-11', '0911000196', N'Nữ', N'Q.6, TP.HCM', N'Giáo viên', 4, 1, GETDATE()),
('parent.tranminhphuoc197@gmail.com', '232323', N'Trần Minh Phước', '1983-06-12', '0911000197', 'Nam', N'Q.2, TP.HCM', N'Công nhân', 4, 1, GETDATE()),
('parent.phamthikhanh198@gmail.com', '242424', N'Phạm Thị Khánh', '1985-07-13', '0911000198', N'Nữ', N'Q.8, TP.HCM', N'Bác sĩ', 4, 1, GETDATE()),
('parent.nguyenvancuong199@gmail.com', '252525', N'Nguyễn Văn Cường', '1980-08-14', '0911000199', 'Nam', N'Q.9, TP.HCM', N'Tài xế', 4, 1, GETDATE()),
('parent.votrunghieu200@gmail.com', '262626', 'Võ Trung Hiếu', '1988-09-15', '0911000200', 'Nam', N'Q.4, TP.HCM', N'Nhân viên bán hàng', 4, 1, GETDATE()),
('parent.danghoangduc201@gmail.com', '272727', 'Đặng Hoàng Đức', '1982-10-16', '0911000201', 'Nam', N'Q.1, TP.HCM', N'Bảo vệ', 4, 1, GETDATE()),
('parent.buithihai202@gmail.com', '282828', N'Bùi Thị Hải', '1984-11-17', '0911000202', N'Nữ', N'Q.3, TP.HCM', N'Kỹ sư xây dựng', 4, 1, GETDATE()),
('parent.hoangthithao203@gmail.com', '292929', 'Hoàng Thị Thảo', '1986-12-18', '0911000203', N'Nữ', N'Q.5, TP.HCM', N'Chuyên viên IT', 4, 1, GETDATE()),
('parent.dothianhthu204@gmail.com', '303030', N'Đỗ Thị Anh Thư', '1981-01-19', '0911000204', N'Nữ', N'Q.10, TP.HCM', N'Tư vấn viên', 4, 1, GETDATE()),
('parent.nguyenvantoan205@gmail.com', '313131', N'Nguyễn Văn Toàn', '1987-02-20', '0911000205', 'Nam', N'Q.7, TP.HCM', N'Nhà thiết kế đồ họa', 4, 1, GETDATE()),
('parent.lethithao206@gmail.com', '323232', N'Lê Thị Thảo', '1983-03-21', '0911000206', N'Nữ', N'Q.11, TP.HCM', N'Chuyên viên marketing', 4, 1, GETDATE()),
('parent.tranminhphuoc207@gmail.com', '333333', N'Trần Minh Phước', '1985-04-22', '0911000207', 'Nam', N'Tân Bình', N'Nhân viên văn phòng', 4, 1, GETDATE()),
('parent.phamthikhanh208@gmail.com', '343434', N'Phạm Thị Khánh', '1980-05-23', '0911000208', N'Nữ', N'Tân Phú', N'Nội trợ', 4, 1, GETDATE()),
('parent.nguyenvancuong209@gmail.com', '353535', N'Nguyễn Văn Cường', '1988-06-24', '0911000209', 'Nam', N'Bình Thạnh', N'Nhân viên ngân hàng', 4, 1, GETDATE()),
('parent.votrunghieu210@gmail.com', '363636', 'Võ Trung Hiếu', '1982-07-25', '0911000210', 'Nam', N'Gò Vấp', N'Công nhân may mặc', 4, 1, GETDATE()),
('parent.danghoangduc211@gmail.com', '373737', 'Đặng Hoàng Đức', '1984-08-26', '0911000211', 'Nam', N'Q.6, TP.HCM', N'Kỹ thuật viên', 4, 1, GETDATE()),
('parent.buithihai212@gmail.com', '383838', N'Bùi Thị Hải', '1986-09-27', '0911000212', N'Nữ', N'Q.2, TP.HCM', N'Thợ cơ khí', 4, 1, GETDATE()),
('parent.hoangthithao213@gmail.com', '393939', 'Hoàng Thị Thảo', '1981-10-28', '0911000213', N'Nữ', N'Q.8, TP.HCM', N'Biên phiên dịch', 4, 1, GETDATE()),
('parent.dothianhthu214@gmail.com', '404040', N'Đỗ Thị Anh Thư', '1987-11-29', '0911000214', N'Nữ', N'Q.9, TP.HCM', N'Kiến trúc sư', 4, 1, GETDATE()),
('parent.nguyenvantoan215@gmail.com', '414141', N'Nguyễn Văn Toàn', '1983-12-30', '0911000215', 'Nam', N'Q.4, TP.HCM', N'Thợ may', 4, 1, GETDATE());


INSERT INTO Student_Information (student_code, full_name, gender, date_of_birth, class_name, address, parent_id)
VALUES
('HS001', N'Nguyễn Thanh Bình', N'Nam', '2018-09-15', '1A1', N'Q.1, TP.HCM', 6),
('HS002', N'Trần Thị Mai Anh', N'Nữ', '2018-03-22', '1A1', N'Q.3, TP.HCM', 7),
('HS003', N'Lê Minh Đức', N'Nam', '2018-07-01', '1A1', N'Q.5, TP.HCM', 8),
('HS004', N'Phạm Thùy Chi', N'Nữ', '2018-11-10', '1A1', N'Q.10, TP.HCM', 9),
('HS005', N'Hoàng Việt Anh', N'Nam', '2018-01-05', '1A1', N'Q.7, TP.HCM', 10),
('HS006', N'Vũ Thị Hồng Nhung', N'Nữ', '2018-04-18', '1A1', N'Q.11, TP.HCM', 11),
('HS007', N'Đặng Quang Vinh', N'Nam', '2018-08-25', '1A1', N'Tân Bình', 12),
('HS008', N'Bùi Thanh Trúc', 'Nữ', '2018-02-14', '1A1', N'Tân Phú', 13),
('HS009', N'Đỗ Hoài Nam', 'Nam', '2018-06-30', '1A1', N'Bình Thạnh', 14),
('HS010', N'Ngô Ngọc Diệp', 'Nữ', '2018-10-03', '1A1', N'Gò Vấp', 15),
('HS011', N'Hồ Sỹ Nguyên', 'Nam', '2018-12-08', '1A1', N'Q.6, TP.HCM', 16),
('HS012', N'Dương Thảo Nhi', 'Nữ', '2018-05-11', '1A1', N'Q.2, TP.HCM', 17),
('HS013', N'Đinh Bảo Khang', 'Nam', '2018-09-02', '1A1', N'Q.8, TP.HCM', 18),
('HS014', N'Trần Thị Kim Ngân', 'Nữ', '2018-03-07', '1A1', N'Q.9, TP.HCM', 19),
('HS015', N'Nguyễn Hoàng Quân', 'Nam', '2018-07-20', '1A1', N'Q.4, TP.HCM', 20),
('HS016', N'Lê Ngọc Anh', 'Nữ', '2018-11-29', '1A1', N'Q.1, TP.HCM', 21),
('HS017', N'Phạm Duy Khanh', 'Nam', '2018-01-16', '1A1', N'Q.3, TP.HCM', 22),
('HS018', N'Võ Thị Bích Thủy', 'Nữ', '2018-04-09', '1A1', N'Q.5, TP.HCM', 23),
('HS019', N'Nguyễn Thanh Tùng', 'Nam', '2018-08-12', '1A1', 'Q.10, TP.HCM', 24),
('HS020', N'Đỗ Thu Trang', 'Nữ', '2018-02-28', '1A1', N'Q.7, TP.HCM', 25),
('HS021', N'Bùi Chí Dũng', 'Nam', '2018-06-05', '1A1', N'Q.11, TP.HCM', 26),
('HS022', N'Hoàng Thị Yến', 'Nữ', '2018-10-15', '1A1', N'Tân Bình', 27),
('HS023', N'Đinh Văn An', 'Nam', '2018-12-21', '1A1', N'Tân Phú', 28),
('HS024', N'Trần Mai Hương', 'Nữ', '2018-05-03', '1A1', N'Bình Thạnh', 29),
('HS025', N'Lê Trung Kiên', 'Nam', '2018-09-19', '1A1', N'Gò Vấp', 30),
('HS026', N'Phạm Anh Thư', 'Nữ', '2018-03-27', '1A1', N'Q.6, TP.HCM', 31),
('HS027', N'Nguyễn Duy Khánh', 'Nam', '2018-07-07', '1A1', N'Q.2, TP.HCM', 32),
('HS028', N'Vũ Thị Phương Thảo', 'Nữ', '2018-11-01', '1A1', N'Q.8, TP.HCM', 33),
('HS029', N'Đặng Minh Khôi', 'Nam', '2018-01-24', '1A1', N'Q.9, TP.HCM', 34),
('HS030', N'Bùi Thị Linh Chi', 'Nữ', '2018-04-14', '1A1', N'Q.4, TP.HCM', 35),
('HS031', N'Lê Thị Lan', N'Nữ', '2018-08-10', '1A2', N'Q.1, TP.HCM', 36),
('HS032', N'Nguyễn Văn Hùng', N'Nam', '2018-02-20', '1A2', N'Q.3, TP.HCM', 37),
('HS033', N'Trần Minh Tú', N'Nam', '2018-05-01', '1A2', N'Q.5, TP.HCM', 38),
('HS034', N'Phạm Thu Hương', 'Nữ', '2018-11-15', '1A2', N'Q.10, TP.HCM', 39),
('HS035', N'Võ Hoàng Sơn', N'Nam', '2018-01-08', '1A2', N'Q.7, TP.HCM', 40),
('HS036', N'Đỗ Thị Thanh Thúy', 'Nữ', '2018-04-25', '1A2', N'Q.11, TP.HCM', 41),
('HS037', N'Bùi Quang Huy', N'Nam', '2018-09-05', '1A2', N'Tân Bình', 42),
('HS038', N'Hoàng Yến Nhi', 'Nữ', '2018-03-17', '1A2', N'Tân Phú', 43),
('HS039', N'Đinh Tuấn Anh', 'Nam', '2018-06-28', '1A2', N'Bình Thạnh', 44),
('HS040', N'Nguyễn Thị Kim Chi', 'Nữ', '2018-10-09', '1A2', N'Gò Vấp', 45),
('HS041', N'Lê Hữu Đạt', N'Nam', '2018-12-14', '1A2', N'Q.6, TP.HCM', 46),
('HS042', N'Phạm Ngọc Trâm', 'Nữ', '2018-05-20', '1A2', N'Q.2, TP.HCM', 47),
('HS043', N'Trần Quốc Bảo', 'Nam', '2018-09-29', '1A2', N'Q.8, TP.HCM', 48),
('HS044', N'Nguyễn Thị Tuyết Mai', 'Nữ', '2018-03-02', '1A2', N'Q.9, TP.HCM', 49),
('HS045', N'Vũ Đình Khang', 'Nam', '2018-07-13', '1A2', N'Q.4, TP.HCM', 50),
('HS046', N'Hà Thị Thùy Dung', 'Nữ', '2018-11-22', '1A2', N'Q.1, TP.HCM', 51),
('HS047', N'Đặng Thanh Phong', 'Nam', '2018-01-30', '1A2', N'Q.3, TP.HCM', 52),
('HS048', N'Bùi Thanh Loan', 'Nữ', '2018-04-11', '1A2', N'Q.5, TP.HCM', 53),
('HS049', N'Ngô Gia Huy', 'Nam', '2018-08-04', '1A2', N'Q.10, TP.HCM', 54),
('HS050', N'Lê Thị Bảo An', 'Nữ', '2018-02-19', '1A2', N'Q.7, TP.HCM', 55),
('HS051', N'Phạm Văn Cường', 'Nam', '2018-06-08', '1A2', N'Q.11, TP.HCM', 56),
('HS052', N'Trần Thị Ngọc Bích', 'Nữ', '2018-10-26', '1A2', N'Tân Bình', 57),
('HS053', N'Nguyễn Đình Thịnh', 'Nam', '2018-12-03', '1A2', N'Tân Phú', 58),
('HS054', N'Võ Thị Trà My', 'Nữ', '2018-05-16', '1A2', N'Bình Thạnh', 59),
('HS055', N'Đinh Hữu Lộc', 'Nam', '2018-09-24', '1A2', N'Gò Vấp', 60),
('HS056', N'Bùi Thị Hải Yến', 'Nữ', '2018-03-06', '1A2', N'Q.6, TP.HCM', 61),
('HS057', N'Lê Đức Trọng', 'Nam', '2018-07-18', '1A2', N'Q.2, TP.HCM', 62),
('HS058', N'Nguyễn Thị Hà My', 'Nữ', '2018-11-07', '1A2', N'Q.8, TP.HCM', 63),
('HS059', N'Phạm Gia Khang', 'Nam', '2018-01-28', '1A2', N'Q.9, TP.HCM', 64),
('HS060', N'Đào Thị Mỹ Duyên', 'Nữ', '2018-04-10', '1A2', N'Q.4, TP.HCM', 65),
-- Lớp 1A3 (HS061 - HS090)
('HS061', N'Nguyễn Đức Kiên', N'Nam', '2018-09-01', '1A3', N'Q.1, TP.HCM', 66),
('HS062', N'Trần Thị Ngọc', N'Nữ', '2018-03-10', '1A3', N'Q.3, TP.HCM', 67),
('HS063', N'Lê Văn Sang', N'Nam', '2018-07-20', '1A3', N'Q.5, TP.HCM', 68),
('HS064', N'Phạm Thu Thủy', N'Nữ', '2018-11-05', '1A3', N'Q.10, TP.HCM', 69),
('HS065', N'Hoàng Minh Khôi', N'Nam', '2018-01-25', '1A3', N'Q.7, TP.HCM', 70),
('HS066', N'Vũ Thị Kim Oanh', 'Nữ', '2018-04-12', '1A3', N'Q.11, TP.HCM', 71),
('HS067', N'Đặng Thanh Tùng', N'Nam', '2018-08-08', '1A3', N'Tân Bình', 72),
('HS068', N'Bùi Thị Hải Yến', 'Nữ', '2018-02-18', '1A3', N'Tân Phú', 73),
('HS069', N'Đỗ Minh Quân', 'Nam', '2018-06-22', '1A3', N'Bình Thạnh', 74),
('HS070', N'Ngô Thị Thùy Dung', 'Nữ', '2018-10-01', '1A3', N'Gò Vấp', 75),
('HS071', N'Hồ Văn Bách', 'Nam', '2018-12-10', '1A3', N'Q.6, TP.HCM', 76),
('HS072', N'Dương Kim Ngân', 'Nữ', '2018-05-07', '1A3', N'Q.2, TP.HCM', 77),
('HS073', N'Đinh Duy Mạnh', 'Nam', '2018-09-14', '1A3', N'Q.8, TP.HCM', 78),
('HS074', N'Trần Thị Yến Nhi', 'Nữ', '2018-03-01', '1A3', N'Q.9, TP.HCM', 79),
('HS075', N'Nguyễn Phước Thịnh', 'Nam', '2018-07-11', '1A3', N'Q.4, TP.HCM', 80),
('HS076', N'Lê Thị Bảo Châu', 'Nữ', '2018-11-20', '1A3', N'Q.1, TP.HCM', 81),
('HS077', N'Phạm Văn Cường', N'Nam', '2018-01-10', '1A3', N'Q.3, TP.HCM', 82),
('HS078', N'Võ Thị Ngọc Mai', 'Nữ', '2018-04-03', '1A3', N'Q.5, TP.HCM', 83),
('HS079', N'Nguyễn Quốc Anh', N'Nam', '2018-08-01', '1A3', 'Q.10, TP.HCM', 84),
('HS080', N'Đỗ Thị Thùy Linh', 'Nữ', '2018-02-05', '1A3', N'Q.7, TP.HCM', 85),
('HS081', N'Bùi Thanh Long', N'Nam', '2018-06-15', '1A3', N'Q.11, TP.HCM', 86),
('HS082', N'Hoàng Thị Ngọc Ánh', 'Nữ', '2018-10-22', '1A3', N'Tân Bình', 87),
('HS083', N'Đinh Bá Tùng', N'Nam', '2018-12-04', '1A3', N'Tân Phú', 88),
('HS084', N'Trần Thị Phương Anh', 'Nữ', '2018-05-18', '1A3', N'Bình Thạnh', 89),
('HS085', N'Lê Văn Hoàng', N'Nam', '2018-09-28', '1A3', N'Gò Vấp', 90),
('HS086', N'Phạm Thị Thanh Thảo', 'Nữ', '2018-03-09', '1A3', N'Q.6, TP.HCM', 91),
('HS087', N'Nguyễn Duy Khoa', N'Nam', '2018-07-16', '1A3', N'Q.2, TP.HCM', 92),
('HS088', N'Vũ Thị Thu Giang', 'Nữ', '2018-11-02', '1A3', N'Q.8, TP.HCM', 93),
('HS089', N'Đặng Thanh Bình', N'Nam', '2018-01-07', '1A3', N'Q.9, TP.HCM', 94),
('HS090', N'Bùi Thị Thu Hà', 'Nữ', '2018-04-20', '1A3', N'Q.4, TP.HCM', 95),

-- Lớp 2A1 (HS091 - HS120) - Học sinh sinh năm 2017
('HS091', N'Nguyễn Trung Kiên', N'Nam', '2017-09-05', '2A1', N'Q.1, TP.HCM', 96),
('HS092', N'Trần Thị Hương', N'Nữ', '2017-03-15', '2A1', N'Q.3, TP.HCM', 97),
('HS093', N'Lê Minh Quân', N'Nam', '2017-07-25', '2A1', N'Q.5, TP.HCM', 98),
('HS094', N'Phạm Thùy Linh', N'Nữ', '2017-11-10', '2A1', N'Q.10, TP.HCM', 99),
('HS095', N'Hoàng Việt Dũng', N'Nam', '2017-01-30', '2A1', N'Q.7, TP.HCM', 100),
('HS096', N'Vũ Thị Thu Trang', 'Nữ', '2017-04-01', '2A1', N'Q.11, TP.HCM', 101),
('HS097', N'Đặng Minh Khôi', N'Nam', '2017-08-18', '2A1', N'Tân Bình', 102),
('HS098', N'Bùi Thanh Trúc', 'Nữ', '2017-02-28', '2A1', N'Tân Phú', 103),
('HS099', N'Đỗ Hoài Nam', 'Nam', '2017-06-03', '2A1', N'Bình Thạnh', 104),
('HS100', N'Ngô Ngọc Diệp', 'Nữ', '2017-10-08', '2A1', N'Gò Vấp', 105),
('HS101', N'Hồ Sỹ Nguyên', N'Nam', '2017-12-12', '2A1', N'Q.6, TP.HCM', 106),
('HS102', N'Dương Thảo Nhi', 'Nữ', '2017-05-09', '2A1', N'Q.2, TP.HCM', 107),
('HS103', N'Đinh Bảo Khang', 'Nam', '2017-09-19', '2A1', N'Q.8, TP.HCM', 108),
('HS104', N'Trần Thị Kim Ngân', 'Nữ', '2017-03-05', '2A1', N'Q.9, TP.HCM', 109),
('HS105', N'Nguyễn Hoàng Quân', 'Nam', '2017-07-15', '2A1', N'Q.4, TP.HCM', 110),
('HS106', N'Lê Ngọc Anh', 'Nữ', '2017-11-25', '2A1', N'Q.1, TP.HCM', 111),
('HS107', N'Phạm Duy Khanh', N'Nam', '2017-01-11', '2A1', N'Q.3, TP.HCM', 112),
('HS108', N'Võ Thị Bích Thủy', 'Nữ', '2017-04-20', '2A1', N'Q.5, TP.HCM', 113),
('HS109', N'Nguyễn Thanh Tùng', N'Nam', '2017-08-02', '2A1', 'Q.10, TP.HCM', 114),
('HS110', N'Đỗ Thu Trang', 'Nữ', '2017-02-14', '2A1', N'Q.7, TP.HCM', 115),
('HS111', N'Bùi Chí Dũng', N'Nam', '2017-06-07', '2A1', N'Q.11, TP.HCM', 116),
('HS112', N'Hoàng Thị Yến', 'Nữ', '2017-10-17', '2A1', N'Tân Bình', 117),
('HS113', N'Đinh Văn An', 'Nam', '2017-12-23', '2A1', N'Tân Phú', 118),
('HS114', N'Trần Mai Hương', 'Nữ', '2017-05-05', '2A1', N'Bình Thạnh', 119),
('HS115', N'Lê Trung Kiên', 'Nam', '2017-09-20', '2A1', N'Gò Vấp', 120),
('HS116', N'Phạm Anh Thư', 'Nữ', '2017-03-29', '2A1', N'Q.6, TP.HCM', 121),
('HS117', N'Nguyễn Duy Khánh', N'Nam', '2017-07-09', '2A1', N'Q.2, TP.HCM', 122),
('HS118', N'Vũ Thị Phương Thảo', 'Nữ', '2017-11-03', '2A1', N'Q.8, TP.HCM', 123),
('HS119', N'Đặng Minh Khôi', N'Nam', '2017-01-26', '2A1', N'Q.9, TP.HCM', 124),
('HS120', N'Bùi Thị Linh Chi', 'Nữ', '2017-04-16', '2A1', N'Q.4, TP.HCM', 125),

-- Lớp 2A2 (HS121 - HS150) - Học sinh sinh năm 2017
('HS121', N'Lê Thị Thu', N'Nữ', '2017-08-11', '2A2', N'Q.1, TP.HCM', 126),
('HS122', N'Nguyễn Văn Sơn', N'Nam', '2017-02-21', '2A2', N'Q.3, TP.HCM', 127),
('HS123', N'Trần Minh Hoàng', N'Nam', '2017-05-02', '2A2', N'Q.5, TP.HCM', 128),
('HS124', N'Phạm Thu Quyên', 'Nữ', '2017-11-16', '2A2', N'Q.10, TP.HCM', 129),
('HS125', N'Võ Hoàng Tú', N'Nam', '2017-01-09', '2A2', N'Q.7, TP.HCM', 130),
('HS126', N'Đỗ Thị Ánh Tuyết', 'Nữ', '2017-04-26', '2A2', N'Q.11, TP.HCM', 131),
('HS127', N'Bùi Quang Vinh', N'Nam', '2017-09-06', '2A2', N'Tân Bình', 132),
('HS128', N'Hoàng Yến Phương', 'Nữ', '2017-03-18', '2A2', N'Tân Phú', 133),
('HS129', N'Đinh Tuấn Kiệt', N'Nam', '2017-06-29', '2A2', N'Bình Thạnh', 134),
('HS130', N'Nguyễn Thị Kim Ngân', 'Nữ', '2017-10-10', '2A2', N'Gò Vấp', 135),
('HS131', N'Lê Hữu Đăng', N'Nam', '2017-12-15', '2A2', N'Q.6, TP.HCM', 136),
('HS132', N'Phạm Ngọc Anh', 'Nữ', '2017-05-21', '2A2', N'Q.2, TP.HCM', 137),
('HS133', N'Trần Quốc Hưng', N'Nam', '2017-09-30', '2A2', N'Q.8, TP.HCM', 138),
('HS134', N'Nguyễn Thị Thùy Dung', 'Nữ', '2017-03-03', '2A2', N'Q.9, TP.HCM', 139),
('HS135', N'Vũ Đình Tùng', N'Nam', '2017-07-14', '2A2', N'Q.4, TP.HCM', 140),
('HS136', N'Hà Thị Thùy Linh', 'Nữ', '2017-11-23', '2A2', N'Q.1, TP.HCM', 141),
('HS137', N'Đặng Thanh Nam', 'Nam', '2017-01-31', '2A2', N'Q.3, TP.HCM', 142),
('HS138', N'Bùi Thanh Tâm', 'Nữ', '2017-04-12', '2A2', N'Q.5, TP.HCM', 143),
('HS139', N'Ngô Gia Bảo', N'Nam', '2017-08-05', '2A2', N'Q.10, TP.HCM', 144),
('HS140', N'Lê Thị Bảo Uyên', 'Nữ', '2017-02-20', '2A2', N'Q.7, TP.HCM', 145),
('HS141', N'Phạm Văn Tài', N'Nam', '2017-06-09', '2A2', N'Q.11, TP.HCM', 146),
('HS142', N'Trần Thị Ngọc Hà', 'Nữ', '2017-10-27', '2A2', N'Tân Bình', 147),
('HS143', N'Nguyễn Đình Hưng', N'Nam', '2017-12-04', '2A2', N'Tân Phú', 148),
('HS144', N'Võ Thị Trà Giang', 'Nữ', '2017-05-17', '2A2', N'Bình Thạnh', 149),
('HS145', N'Đinh Hữu Thắng', N'Nam', '2017-09-25', '2A2', N'Gò Vấp', 150),
('HS146', N'Bùi Thị Hải Anh', 'Nữ', '2017-03-07', '2A2', N'Q.6, TP.HCM', 151),
('HS147', N'Lê Đức Anh', N'Nam', '2017-07-19', '2A2', N'Q.2, TP.HCM', 152),
('HS148', N'Nguyễn Thị Minh Hằng', 'Nữ', '2017-11-08', '2A2', N'Q.8, TP.HCM', 153),
('HS149', N'Phạm Gia Hưng', 'Nam', '2017-01-29', '2A2', N'Q.9, TP.HCM', 154),
('HS150', N'Đào Thị Mỹ Lệ', 'Nữ', '2017-04-11', '2A2', N'Q.4, TP.HCM', 155),

-- Lớp 2A3 (HS151 - HS180) - Học sinh sinh năm 2017
('HS151', N'Trần Văn Sơn', N'Nam', '2017-09-02', '2A3', N'Q.1, TP.HCM', 156),
('HS152', N'Lê Thị Mỹ Lệ', N'Nữ', '2017-03-11', '2A3', N'Q.3, TP.HCM', 157),
('HS153', N'Phạm Văn Cường', N'Nam', '2017-07-21', '2A3', N'Q.5, TP.HCM', 158),
('HS154', N'Nguyễn Thị Thu Hà', 'Nữ', '2017-11-06', '2A3', N'Q.10, TP.HCM', 159),
('HS155', N'Võ Trung Hiếu', N'Nam', '2017-01-26', '2A3', N'Q.7, TP.HCM', 160),
('HS156', N'Đặng Hoàng Anh', 'Nữ', '2017-04-13', '2A3', N'Q.11, TP.HCM', 161),
('HS157', N'Bùi Thị Tuyết', 'Nam', '2017-08-09', '2A3', N'Tân Bình', 162),
('HS158', N'Hoàng Văn Minh', 'Nữ', '2017-02-19', '2A3', N'Tân Phú', 163),
('HS159', N'Đỗ Thị Hiền', 'Nam', '2017-06-23', '2A3', N'Bình Thạnh', 164),
('HS160', N'Nguyễn Thị Trang', 'Nữ', '2017-10-02', '2A3', N'Gò Vấp', 165),
('HS161', N'Lê Thị Kim Tuyền', N'Nữ', '2017-12-11', '2A3', N'Q.6, TP.HCM', 166),
('HS162', N'Trần Văn Thanh', N'Nam', '2017-05-08', '2A3', N'Q.2, TP.HCM', 167),
('HS163', N'Phạm Thị Thanh Nga', 'Nữ', '2017-09-15', '2A3', N'Q.8, TP.HCM', 168),
('HS164', N'Nguyễn Văn Khoa', N'Nam', '2017-03-02', '2A3', N'Q.9, TP.HCM', 169),
('HS165', N'Võ Thị Thúy', 'Nữ', '2017-07-12', '2A3', N'Q.4, TP.HCM', 170),
('HS166', N'Đặng Hoàng Phúc', N'Nam', '2017-11-21', '2A3', N'Q.1, TP.HCM', 171),
('HS167', N'Bùi Thị Kim Ngân', 'Nữ', '2017-01-12', '2A3', N'Q.3, TP.HCM', 172),
('HS168', N'Hoàng Văn An', N'Nam', '2017-04-04', '2A3', N'Q.5, TP.HCM', 173),
('HS169', N'Đỗ Thị Anh Đào', 'Nữ', '2017-08-03', '2A3', 'Q.10, TP.HCM', 174),
('HS170', N'Nguyễn Thùy Hằng', 'Nữ', '2017-02-06', '2A3', N'Q.7, TP.HCM', 175),
('HS171', N'Lê Thái Bình', N'Nam', '2017-06-16', '2A3', N'Q.11, TP.HCM', 176),
('HS172', N'Trần Văn Lâm', N'Nam', '2017-10-23', '2A3', N'Tân Bình', 177),
('HS173', N'Phạm Thị Minh', 'Nữ', '2017-12-05', '2A3', N'Tân Phú', 178),
('HS174', N'Nguyễn Văn Dũng', N'Nam', '2017-05-19', '2A3', N'Bình Thạnh', 179),
('HS175', N'Võ Trung Hiếu', 'Nam', '2017-09-29', '2A3', N'Gò Vấp', 180),
('HS176', N'Đặng Hoàng Việt', 'Nam', '2017-03-10', '2A3', N'Q.6, TP.HCM', 181),
('HS177', N'Bùi Thị Lê', 'Nữ', '2017-07-17', '2A3', N'Q.2, TP.HCM', 182),
('HS178', N'Hoàng Thị Thùy', 'Nữ', '2017-11-04', '2A3', N'Q.8, TP.HCM', 183),
('HS179', N'Đỗ Thị Hương', 'Nữ', '2017-01-08', '2A3', N'Q.9, TP.HCM', 184),
('HS180', N'Nguyễn Văn Cường', N'Nam', '2017-04-21', '2A3', N'Q.4, TP.HCM', 185),

-- Lớp 3A1 (HS181 - HS210) - Học sinh sinh năm 2016
('HS181', N'Nguyễn Trần Anh', N'Nam', '2016-09-03', '3A1', N'Q.1, TP.HCM', 186),
('HS182', N'Trần Thị Thu Phương', N'Nữ', '2016-03-12', '3A1', N'Q.3, TP.HCM', 187),
('HS183', N'Lê Đình Kiên', N'Nam', '2016-07-22', '3A1', N'Q.5, TP.HCM', 188),
('HS184', N'Phạm Thị Ánh Tuyết', 'Nữ', '2016-11-07', '3A1', N'Q.10, TP.HCM', 189),
('HS185', N'Hoàng Việt Hùng', N'Nam', '2016-01-27', '3A1', N'Q.7, TP.HCM', 190),
('HS186', N'Vũ Thị Kim Anh', 'Nữ', '2016-04-14', '3A1', N'Q.11, TP.HCM', 191),
('HS187', N'Đặng Thanh Sang', N'Nam', '2016-08-10', '3A1', N'Tân Bình', 192),
('HS188', N'Bùi Thị Mai Anh', 'Nữ', '2016-02-20', '3A1', N'Tân Phú', 193),
('HS189', N'Đỗ Minh Đức', 'Nam', '2016-06-24', '3A1', N'Bình Thạnh', 194),
('HS190', N'Ngô Thị Thùy Linh', 'Nữ', '2016-10-03', '3A1', N'Gò Vấp', 195),
('HS191', N'Hồ Văn Toàn', 'Nam', '2016-12-12', '3A1', N'Q.6, TP.HCM', 196),
('HS192', N'Dương Kim Thoa', 'Nữ', '2016-05-09', '3A1', N'Q.2, TP.HCM', 197),
('HS193', N'Đinh Duy Khánh', 'Nam', '2016-09-16', '3A1', N'Q.8, TP.HCM', 198),
('HS194', N'Trần Thị Yến Anh', 'Nữ', '2016-03-03', '3A1', N'Q.9, TP.HCM', 199),
('HS195', N'Nguyễn Phước Đạt', 'Nam', '2016-07-13', '3A1', N'Q.4, TP.HCM', 200),
('HS196', N'Lê Thị Bảo Ngân', 'Nữ', '2016-11-22', '3A1', N'Q.1, TP.HCM', 201),
('HS197', N'Phạm Văn Bình', N'Nam', '2016-01-13', '3A1', N'Q.3, TP.HCM', 202),
('HS198', N'Võ Thị Ngọc Linh', 'Nữ', '2016-04-06', '3A1', N'Q.5, TP.HCM', 203),
('HS199', N'Nguyễn Quốc Việt', N'Nam', '2016-08-04', '3A1', 'Q.10, TP.HCM', 204),
('HS200', N'Đỗ Thị Thùy Trang', 'Nữ', '2016-02-08', '3A1', N'Q.7, TP.HCM', 205),
('HS201', N'Bùi Thanh Trọng', N'Nam', '2016-06-18', '3A1', N'Q.11, TP.HCM', 206),
('HS202', N'Hoàng Thị Ngọc Mai', 'Nữ', '2016-10-25', '3A1', N'Tân Bình', 207),
('HS203', N'Đinh Bá Khải', N'Nam', '2016-12-07', '3A1', N'Tân Phú', 208),
('HS204', N'Trần Thị Phương Thảo', 'Nữ', '2016-05-20', '3A1', N'Bình Thạnh', 209),
('HS205', N'Lê Văn Hiếu', N'Nam', '2016-09-30', '3A1', N'Gò Vấp', 210),
('HS206', N'Phạm Thị Thanh Thúy', 'Nữ', '2016-03-12', '3A1', N'Q.6, TP.HCM', 211),
('HS207', N'Nguyễn Duy Nam', N'Nam', '2016-07-19', '3A1', N'Q.2, TP.HCM', 212),
('HS208', N'Vũ Thị Thu Hiền', 'Nữ', '2016-11-05', '3A1', N'Q.8, TP.HCM', 213),
('HS209', N'Đặng Thanh Hải', 'Nam', '2016-01-10', '3A1', N'Q.9, TP.HCM', 214),
('HS210', N'Bùi Thị Thu Hoài', 'Nữ', '2016-04-23', '3A1', N'Q.4, TP.HCM', 215),

-- Lớp 3A2 (HS211 - HS240) - Học sinh sinh năm 2016
('HS211', N'Lê Văn Phát', N'Nam', '2016-09-01', '3A2', N'Q.1, TP.HCM', 66),
('HS212', N'Nguyễn Thị Thu', N'Nữ', '2016-03-10', '3A2', N'Q.3, TP.HCM', 67),
('HS213', N'Trần Quốc Đạt', N'Nam', '2016-07-20', '3A2', N'Q.5, TP.HCM', 68),
('HS214', N'Phạm Thùy Linh', 'Nữ', '2016-11-05', '3A2', N'Q.10, TP.HCM', 69),
('HS215', N'Võ Minh Quân', N'Nam', '2016-01-25', '3A2', N'Q.7, TP.HCM', 70),
('HS216', N'Đỗ Thị Thanh Huyền', 'Nữ', '2016-04-12', '3A2', N'Q.11, TP.HCM', 71),
('HS217', N'Bùi Minh Trí', N'Nam', '2016-08-08', '3A2', N'Tân Bình', 72),
('HS218', N'Hoàng Yến Chi', 'Nữ', '2016-02-18', '3A2', N'Tân Phú', 73),
('HS219', N'Đinh Tuấn Cường', 'Nam', '2016-06-22', '3A2', N'Bình Thạnh', 74),
('HS220', N'Nguyễn Thị Ngọc Anh', 'Nữ', '2016-10-01', '3A2', N'Gò Vấp', 75),
('HS221', N'Lê Hữu Nghĩa', N'Nam', '2016-12-10', '3A2', N'Q.6, TP.HCM', 76),
('HS222', N'Phạm Ngọc Minh', 'Nữ', '2016-05-07', '3A2', N'Q.2, TP.HCM', 77),
('HS223', N'Trần Quốc Việt', N'Nam', '2016-09-14', '3A2', N'Q.8, TP.HCM', 78),
('HS224', N'Nguyễn Thị Tuyết Nhi', 'Nữ', '2016-03-01', '3A2', N'Q.9, TP.HCM', 79),
('HS225', N'Vũ Đình Kiệt', N'Nam', '2016-07-11', '3A2', N'Q.4, TP.HCM', 80),
('HS226', N'Hà Thị Thùy Dung', 'Nữ', '2016-11-20', '3A2', N'Q.1, TP.HCM', 81),
('HS227', N'Đặng Thanh Phong', N'Nam', '2016-01-10', '3A2', N'Q.3, TP.HCM', 82),
('HS228', N'Bùi Thanh Loan', 'Nữ', '2016-04-03', '3A2', N'Q.5, TP.HCM', 83),
('HS229', N'Ngô Gia Huy', N'Nam', '2016-08-01', '3A2', 'Q.10, TP.HCM', 84),
('HS230', N'Lê Thị Bảo An', 'Nữ', '2016-02-05', '3A2', N'Q.7, TP.HCM', 85),
('HS231', N'Phạm Văn Cường', N'Nam', '2016-06-15', '3A2', N'Q.11, TP.HCM', 86),
('HS232', N'Trần Thị Ngọc Bích', 'Nữ', '2016-10-22', '3A2', N'Tân Bình', 87),
('HS233', N'Nguyễn Đình Thịnh', 'Nam', '2016-12-04', '3A2', N'Tân Phú', 88),
('HS234', N'Võ Thị Trà My', 'Nữ', '2016-05-18', '3A2', N'Bình Thạnh', 89),
('HS235', N'Đinh Hữu Lộc', 'Nam', '2016-09-28', '3A2', N'Gò Vấp', 90),
('HS236', N'Bùi Thị Hải Yến', 'Nữ', '2016-03-09', '3A2', N'Q.6, TP.HCM', 91),
('HS237', N'Lê Đức Trọng', 'Nam', '2016-07-16', '3A2', N'Q.2, TP.HCM', 92),
('HS238', N'Nguyễn Thị Hà My', 'Nữ', '2016-11-02', '3A2', N'Q.8, TP.HCM', 93),
('HS239', N'Phạm Gia Khang', 'Nam', '2016-01-07', '3A2', N'Q.9, TP.HCM', 94),
('HS240', N'Đào Thị Mỹ Duyên', 'Nữ', '2016-04-20', '3A2', N'Q.4, TP.HCM', 95),

-- Lớp 3A3 (HS241 - HS270) - Học sinh sinh năm 2016
('HS241', N'Trần Văn An', N'Nam', '2016-09-02', '3A3', N'Q.1, TP.HCM', 96),
('HS242', N'Lê Thị Nguyệt', N'Nữ', '2016-03-11', '3A3', N'Q.3, TP.HCM', 97),
('HS243', N'Phạm Văn Bách', N'Nam', '2016-07-21', '3A3', N'Q.5, TP.HCM', 98),
('HS244', N'Nguyễn Thị Diệu', 'Nữ', '2016-11-06', '3A3', N'Q.10, TP.HCM', 99),
('HS245', N'Võ Văn Khánh', 'Nam', '2016-01-26', '3A3', N'Q.7, TP.HCM', 100),
('HS246', N'Đỗ Hương Giang', 'Nữ', '2016-04-13', '3A3', N'Q.11, TP.HCM', 101),
('HS247', N'Bùi Minh Quân', N'Nam', '2016-08-09', '3A3', N'Tân Bình', 102),
('HS248', N'Hoàng Thị Thu', 'Nữ', '2016-02-19', '3A3', N'Tân Phú', 103),
('HS249', N'Đinh Thế Đạt', 'Nam', '2016-06-23', '3A3', N'Bình Thạnh', 104),
('HS250', N'Nguyễn Thị Minh', 'Nữ', '2016-10-02', '3A3', N'Gò Vấp', 105),
('HS251', N'Lê Thiên Hương', 'Nữ', '2016-12-11', '3A3', N'Q.6, TP.HCM', 106),
('HS252', N'Trần Văn Linh', N'Nam', '2016-05-08', '3A3', N'Q.2, TP.HCM', 107),
('HS253', N'Phạm Thị Hồng', 'Nữ', '2016-09-15', '3A3', N'Q.8, TP.HCM', 108),
('HS254', N'Nguyễn Văn Trung', 'Nam', '2016-03-02', '3A3', N'Q.9, TP.HCM', 109),
('HS255', N'Võ Thị Thanh', 'Nữ', '2016-07-12', '3A3', N'Q.4, TP.HCM', 110),
('HS256', N'Đặng Thanh Thái', N'Nam', '2016-11-21', '3A3', N'Q.1, TP.HCM', 111),
('HS257', N'Bùi Thị Anh', 'Nữ', '2016-01-12', '3A3', N'Q.3, TP.HCM', 112),
('HS258', N'Hoàng Thùy Tiên', 'Nữ', '2016-04-04', '3A3', N'Q.5, TP.HCM', 113),
('HS259', N'Đỗ Thị Anh Thư', 'Nữ', '2016-08-03', '3A3', 'Q.10, TP.HCM', 114),
('HS260', N'Nguyễn Thùy Hằng', 'Nữ', '2016-02-06', '3A3', N'Q.7, TP.HCM', 115),
('HS261', N'Lê Thái Bình', N'Nam', '2016-06-16', '3A3', N'Q.11, TP.HCM', 116),
('HS262', N'Trần Văn Lâm', N'Nam', '2016-10-23', '3A3', N'Tân Bình', 117),
('HS263', N'Phạm Thị Minh', 'Nữ', '2016-12-05', '3A3', N'Tân Phú', 118),
('HS264', N'Nguyễn Văn Dũng', 'Nam', '2016-05-19', '3A3', N'Bình Thạnh', 119),
('HS265', N'Võ Trung Hiếu', 'Nam', '2016-09-29', '3A3', N'Gò Vấp', 120),
('HS266', N'Đặng Hoàng Việt', 'Nam', '2016-03-10', '3A3', N'Q.6, TP.HCM', 121),
('HS267', N'Bùi Thị Lê', 'Nữ', '2016-07-17', '3A3', N'Q.2, TP.HCM', 122),
('HS268', N'Hoàng Thị Thùy', 'Nữ', '2016-11-04', '3A3', N'Q.8, TP.HCM', 123),
('HS269', N'Đỗ Thị Hương', 'Nữ', '2016-01-08', '3A3', N'Q.9, TP.HCM', 124),
('HS270', N'Nguyễn Văn Cường', N'Nam', '2016-04-21', '3A3', N'Q.4, TP.HCM', 125),

-- Lớp 4A1 (HS271 - HS300) - Học sinh sinh năm 2015
('HS271', N'Nguyễn Tuấn Khải', N'Nam', '2015-09-04', '4A1', N'Q.1, TP.HCM', 126),
('HS272', N'Trần Thị Ngọc Diệp', N'Nữ', '2015-03-13', '4A1', N'Q.3, TP.HCM', 127),
('HS273', N'Lê Văn Thịnh', N'Nam', '2015-07-23', '4A1', N'Q.5, TP.HCM', 128),
('HS274', N'Phạm Thị Ánh Dương', 'Nữ', '2015-11-08', '4A1', N'Q.10, TP.HCM', 129),
('HS275', N'Hoàng Việt Long', N'Nam', '2015-01-28', '4A1', N'Q.7, TP.HCM', 130),
('HS276', N'Vũ Thị Kim Cúc', 'Nữ', '2015-04-15', '4A1', N'Q.11, TP.HCM', 131),
('HS277', N'Đặng Thanh Phú', N'Nam', '2015-08-11', '4A1', N'Tân Bình', 132),
('HS278', N'Bùi Thị Mai Hương', 'Nữ', '2015-02-21', '4A1', N'Tân Phú', 133),
('HS279', N'Đỗ Minh Quang', 'Nam', '2015-06-25', '4A1', N'Bình Thạnh', 134),
('HS280', N'Ngô Thị Thùy Trâm', 'Nữ', '2015-10-04', '4A1', N'Gò Vấp', 135),
('HS281', N'Hồ Văn Lợi', 'Nam', '2015-12-13', '4A1', N'Q.6, TP.HCM', 136),
('HS282', N'Dương Kim Nguyệt', 'Nữ', '2015-05-10', '4A1', N'Q.2, TP.HCM', 137),
('HS283', N'Đinh Duy Thái', 'Nam', '2015-09-17', '4A1', N'Q.8, TP.HCM', 138),
('HS284', N'Trần Thị Yến Linh', 'Nữ', '2015-03-04', '4A1', N'Q.9, TP.HCM', 139),
('HS285', N'Nguyễn Phước Tài', 'Nam', '2015-07-14', '4A1', N'Q.4, TP.HCM', 140),
('HS286', N'Lê Thị Bảo Trâm', 'Nữ', '2015-11-23', '4A1', N'Q.1, TP.HCM', 141),
('HS287', N'Phạm Văn Sơn', N'Nam', '2015-01-14', '4A1', N'Q.3, TP.HCM', 142),
('HS288', N'Võ Thị Ngọc Trinh', 'Nữ', '2015-04-07', '4A1', N'Q.5, TP.HCM', 143),
('HS289', N'Nguyễn Quốc Tú', N'Nam', '2015-08-05', '4A1', 'Q.10, TP.HCM', 144),
('HS290', N'Đỗ Thị Thùy Chi', 'Nữ', '2015-02-09', '4A1', N'Q.7, TP.HCM', 145),
('HS291', N'Bùi Thanh Tâm', N'Nam', '2015-06-19', '4A1', N'Q.11, TP.HCM', 146),
('HS292', N'Hoàng Thị Ngọc Quyên', 'Nữ', '2015-10-26', '4A1', N'Tân Bình', 147),
('HS293', N'Đinh Bá Hải', 'Nam', '2015-12-08', '4A1', N'Tân Phú', 148),
('HS294', N'Trần Thị Phương Oanh', 'Nữ', '2015-05-21', '4A1', N'Bình Thạnh', 149),
('HS295', N'Lê Văn Đức', N'Nam', '2015-09-01', '4A1', N'Gò Vấp', 150),
('HS296', N'Phạm Thị Thanh Ngân', 'Nữ', '2015-03-13', '4A1', N'Q.6, TP.HCM', 151),
('HS297', N'Nguyễn Duy Tùng', N'Nam', '2015-07-20', '4A1', N'Q.2, TP.HCM', 152),
('HS298', N'Vũ Thị Thu Anh', 'Nữ', '2015-11-06', '4A1', N'Q.8, TP.HCM', 153),
('HS299', N'Đặng Thanh Phong', N'Nam', '2015-01-11', '4A1', N'Q.9, TP.HCM', 154),
('HS300', N'Bùi Thị Thu Nga', 'Nữ', '2015-04-24', '4A1', N'Q.4, TP.HCM', 155),

-- Lớp 4A2 (HS301 - HS330) - Học sinh sinh năm 2015
('HS301', N'Lê Thị Lan Anh', N'Nữ', '2015-09-01', '4A2', N'Q.1, TP.HCM', 156),
('HS302', N'Nguyễn Văn Nam', N'Nam', '2015-03-10', '4A2', N'Q.3, TP.HCM', 157),
('HS303', N'Trần Minh Khang', N'Nam', '2015-07-20', '4A2', N'Q.5, TP.HCM', 158),
('HS304', N'Phạm Thu Thảo', 'Nữ', '2015-11-05', '4A2', N'Q.10, TP.HCM', 159),
('HS305', N'Võ Hoàng Sơn', N'Nam', '2015-01-25', '4A2', N'Q.7, TP.HCM', 160),
('HS306', N'Đỗ Thị Thanh Nhàn', 'Nữ', '2015-04-12', '4A2', N'Q.11, TP.HCM', 161),
('HS307', N'Bùi Quang Vinh', N'Nam', '2015-08-08', '4A2', N'Tân Bình', 162),
('HS308', N'Hoàng Yến Nhi', 'Nữ', '2015-02-18', '4A2', N'Tân Phú', 163),
('HS309', N'Đinh Tuấn Anh', 'Nam', '2015-06-22', '4A2', N'Bình Thạnh', 164),
('HS310', N'Nguyễn Thị Kim Chi', 'Nữ', '2015-10-01', '4A2', N'Gò Vấp', 165),
('HS311', N'Lê Hữu Đạt', N'Nam', '2015-12-10', '4A2', N'Q.6, TP.HCM', 166),
('HS312', N'Phạm Ngọc Trâm', 'Nữ', '2015-05-07', '4A2', N'Q.2, TP.HCM', 167),
('HS313', N'Trần Quốc Bảo', 'Nam', '2015-09-14', '4A2', N'Q.8, TP.HCM', 168),
('HS314', N'Nguyễn Thị Tuyết Mai', 'Nữ', '2015-03-01', '4A2', N'Q.9, TP.HCM', 169),
('HS315', N'Vũ Đình Khang', 'Nam', '2015-07-11', '4A2', N'Q.4, TP.HCM', 170),
('HS316', N'Hà Thị Thùy Dung', 'Nữ', '2015-11-20', '4A2', N'Q.1, TP.HCM', 171),
('HS317', N'Đặng Thanh Phong', N'Nam', '2015-01-10', '4A2', N'Q.3, TP.HCM', 172),
('HS318', N'Bùi Thanh Loan', 'Nữ', '2015-04-03', '4A2', N'Q.5, TP.HCM', 173),
('HS319', N'Ngô Gia Huy', 'Nam', '2015-08-01', '4A2', 'Q.10, TP.HCM', 174),
('HS320', N'Lê Thị Bảo An', 'Nữ', '2015-02-05', '4A2', N'Q.7, TP.HCM', 175),
('HS321', N'Phạm Văn Cường', N'Nam', '2015-06-15', '4A2', N'Q.11, TP.HCM', 176),
('HS322', N'Trần Thị Ngọc Bích', 'Nữ', '2015-10-22', '4A2', N'Tân Bình', 177),
('HS323', N'Nguyễn Đình Thịnh', 'Nam', '2015-12-04', '4A2', N'Tân Phú', 178),
('HS324', N'Võ Thị Trà My', 'Nữ', '2015-05-18', '4A2', N'Bình Thạnh', 179),
('HS325', N'Đinh Hữu Lộc', 'Nam', '2015-09-28', '4A2', N'Gò Vấp', 180),
('HS326', N'Bùi Thị Hải Yến', 'Nữ', '2015-03-09', '4A2', N'Q.6, TP.HCM', 181),
('HS327', N'Lê Đức Trọng', 'Nam', '2015-07-16', '4A2', N'Q.2, TP.HCM', 182),
('HS328', N'Nguyễn Thị Hà My', 'Nữ', '2015-11-02', '4A2', N'Q.8, TP.HCM', 183),
('HS329', N'Phạm Gia Khang', 'Nam', '2015-01-07', '4A2', N'Q.9, TP.HCM', 184),
('HS330', N'Đào Thị Mỹ Duyên', 'Nữ', '2015-04-20', '4A2', N'Q.4, TP.HCM', 185),

-- Lớp 4A3 (HS331 - HS360) - Học sinh sinh năm 2015
('HS331', N'Trần Văn Sơn', N'Nam', '2015-09-02', '4A3', N'Q.1, TP.HCM', 186),
('HS332', N'Lê Thị Mỹ Lệ', 'Nữ', '2015-03-11', '4A3', N'Q.3, TP.HCM', 187),
('HS333', N'Phạm Văn Cường', N'Nam', '2015-07-21', '4A3', N'Q.5, TP.HCM', 188),
('HS334', N'Nguyễn Thị Thu Hà', 'Nữ', '2015-11-06', '4A3', N'Q.10, TP.HCM', 189),
('HS335', N'Võ Trung Hiếu', 'Nam', '2015-01-26', '4A3', N'Q.7, TP.HCM', 190),
('HS336', N'Đặng Hoàng Anh', 'Nữ', '2015-04-13', '4A3', N'Q.11, TP.HCM', 191),
('HS337', N'Bùi Thị Tuyết', 'Nam', '2015-08-09', '4A3', N'Tân Bình', 192),
('HS338', N'Hoàng Văn Minh', 'Nữ', '2015-02-19', '4A3', N'Tân Phú', 193),
('HS339', N'Đỗ Thị Hiền', 'Nam', '2015-06-23', '4A3', N'Bình Thạnh', 194),
('HS340', N'Nguyễn Thị Trang', 'Nữ', '2015-10-02', '4A3', N'Gò Vấp', 195),
('HS341', N'Lê Thị Kim Tuyền', 'Nữ', '2015-12-11', '4A3', N'Q.6, TP.HCM', 196),
('HS342', N'Trần Văn Thanh', 'Nam', '2015-05-08', '4A3', N'Q.2, TP.HCM', 197),
('HS343', N'Phạm Thị Thanh Nga', 'Nữ', '2015-09-15', '4A3', N'Q.8, TP.HCM', 198),
('HS344', N'Nguyễn Văn Khoa', 'Nam', '2015-03-02', '4A3', N'Q.9, TP.HCM', 199),
('HS345', N'Võ Thị Thúy', 'Nữ', '2015-07-12', '4A3', N'Q.4, TP.HCM', 200),
('HS346', N'Đặng Hoàng Phúc', N'Nam', '2015-11-21', '4A3', N'Q.1, TP.HCM', 201),
('HS347', N'Bùi Thị Kim Ngân', 'Nữ', '2015-01-12', '4A3', N'Q.3, TP.HCM', 202),
('HS348', N'Hoàng Văn An', 'Nam', '2015-04-04', '4A3', N'Q.5, TP.HCM', 203),
('HS349', N'Đỗ Thị Anh Đào', 'Nữ', '2015-08-03', '4A3', 'Q.10, TP.HCM', 204),
('HS350', N'Nguyễn Thùy Hằng', 'Nữ', '2015-02-06', '4A3', N'Q.7, TP.HCM', 205),
('HS351', N'Lê Thái Bình', N'Nam', '2015-06-16', '4A3', N'Q.11, TP.HCM', 206),
('HS352', N'Trần Văn Lâm', 'Nam', '2015-10-23', '4A3', N'Tân Bình', 207),
('HS353', N'Phạm Thị Minh', 'Nữ', '2015-12-05', '4A3', N'Tân Phú', 208),
('HS354', N'Nguyễn Văn Dũng', 'Nam', '2015-05-19', '4A3', N'Bình Thạnh', 209),
('HS355', N'Võ Trung Hiếu', 'Nam', '2015-09-29', '4A3', N'Gò Vấp', 210),
('HS356', N'Đặng Hoàng Việt', 'Nam', '2015-03-10', '4A3', N'Q.6, TP.HCM', 211),
('HS357', N'Bùi Thị Lê', 'Nữ', '2015-07-17', '4A3', N'Q.2, TP.HCM', 212),
('HS358', N'Hoàng Thị Thùy', 'Nữ', '2015-11-04', '4A3', N'Q.8, TP.HCM', 213),
('HS359', N'Đỗ Thị Hương', 'Nữ', '2015-01-08', '4A3', N'Q.9, TP.HCM', 214),
('HS360', N'Nguyễn Văn Cường', N'Nam', '2015-04-21', '4A3', N'Q.4, TP.HCM', 215),

-- Lớp 5A1 (HS361 - HS390) - Học sinh sinh năm 2014
('HS361', N'Nguyễn Minh Khang', N'Nam', '2014-09-05', '5A1', N'Q.1, TP.HCM', 126),
('HS362', N'Trần Thị Phương Thảo', 'Nữ', '2014-03-14', '5A1', N'Q.3, TP.HCM', 127),
('HS363', N'Lê Duy Long', N'Nam', '2014-07-24', '5A1', N'Q.5, TP.HCM', 128),
('HS364', N'Phạm Thị Ánh Tuyết', 'Nữ', '2014-11-09', '5A1', N'Q.10, TP.HCM', 129),
('HS365', N'Hoàng Việt Anh', N'Nam', '2014-01-29', '5A1', N'Q.7, TP.HCM', 130),
('HS366', N'Vũ Thị Kim Ngân', 'Nữ', '2014-04-16', '5A1', N'Q.11, TP.HCM', 131),
('HS367', N'Đặng Thanh Huy', N'Nam', '2014-08-12', '5A1', N'Tân Bình', 132),
('HS368', N'Bùi Thị Mai Loan', 'Nữ', '2014-02-22', '5A1', N'Tân Phú', 133),
('HS369', N'Đỗ Minh Hiếu', 'Nam', '2014-06-26', '5A1', N'Bình Thạnh', 134),
('HS370', N'Ngô Thị Thùy Vân', 'Nữ', '2014-10-05', '5A1', N'Gò Vấp', 135),
('HS371', N'Hồ Văn Việt', 'Nam', '2014-12-14', '5A1', N'Q.6, TP.HCM', 136),
('HS372', N'Dương Kim Chi', 'Nữ', '2014-05-11', '5A1', N'Q.2, TP.HCM', 137),
('HS373', N'Đinh Duy An', 'Nam', '2014-09-18', '5A1', N'Q.8, TP.HCM', 138),
('HS374', N'Trần Thị Yến Nga', 'Nữ', '2014-03-05', '5A1', N'Q.9, TP.HCM', 139),
('HS375', N'Nguyễn Phước Lộc', 'Nam', '2014-07-15', '5A1', N'Q.4, TP.HCM', 140),
('HS376', N'Lê Thị Bảo Kim', 'Nữ', '2014-11-24', '5A1', N'Q.1, TP.HCM', 141),
('HS377', N'Phạm Văn Tuấn', N'Nam', '2014-01-15', '5A1', N'Q.3, TP.HCM', 142),
('HS378', N'Võ Thị Ngọc Phương', 'Nữ', '2014-04-08', '5A1', N'Q.5, TP.HCM', 143),
('HS379', N'Nguyễn Quốc Huy', N'Nam', '2014-08-06', '5A1', 'Q.10, TP.HCM', 144),
('HS380', N'Đỗ Thị Thùy Nhi', 'Nữ', '2014-02-10', '5A1', N'Q.7, TP.HCM', 145),
('HS381', N'Bùi Thanh Long', N'Nam', '2014-06-20', '5A1', N'Q.11, TP.HCM', 146),
('HS382', N'Hoàng Thị Ngọc Ánh', 'Nữ', '2014-10-27', '5A1', N'Tân Bình', 147),
('HS383', N'Đinh Bá Khôi', 'Nam', '2014-12-09', '5A1', N'Tân Phú', 148),
('HS384', N'Trần Thị Phương Oanh', 'Nữ', '2014-05-22', '5A1', N'Bình Thạnh', 149),
('HS385', N'Lê Văn Hoàng', N'Nam', '2014-09-02', '5A1', N'Gò Vấp', 150),
('HS386', N'Phạm Thị Thanh Thúy', 'Nữ', '2014-03-14', '5A1', N'Q.6, TP.HCM', 151),
('HS387', N'Nguyễn Duy Khoa', N'Nam', '2014-07-21', '5A1', N'Q.2, TP.HCM', 152),
('HS388', N'Vũ Thị Thu Giang', 'Nữ', '2014-11-07', '5A1', N'Q.8, TP.HCM', 153),
('HS389', N'Đặng Thanh Bình', 'Nam', '2014-01-12', '5A1', N'Q.9, TP.HCM', 154),
('HS390', N'Bùi Thị Thu Hà', 'Nữ', '2014-04-25', '5A1', N'Q.4, TP.HCM', 155),

-- Lớp 5A2 (HS391 - HS420) - Học sinh sinh năm 2014
('HS391', N'Trần Văn Long', N'Nam', '2014-09-03', '5A2', N'Q.1, TP.HCM', 156),
('HS392', N'Lê Thị Ngọc Bích', 'Nữ', '2014-03-12', '5A2', N'Q.3, TP.HCM', 157),
('HS393', N'Phạm Văn Hải', N'Nam', '2014-07-22', '5A2', N'Q.5, TP.HCM', 158),
('HS394', N'Nguyễn Thị Thu Hiền', 'Nữ', '2014-11-07', '5A2', N'Q.10, TP.HCM', 159),
('HS395', N'Võ Trung Dũng', 'Nam', '2014-01-27', '5A2', N'Q.7, TP.HCM', 160),
('HS396', N'Đặng Hoàng Quân', 'Nữ', '2014-04-14', '5A2', N'Q.11, TP.HCM', 161),
('HS397', N'Bùi Thị Tuyết Mai', 'Nam', '2014-08-10', '5A2', N'Tân Bình', 162),
('HS398', N'Hoàng Văn Hùng', 'Nữ', '2014-02-20', '5A2', N'Tân Phú', 163),
('HS399', N'Đỗ Thị Thùy', 'Nam', '2014-06-24', '5A2', N'Bình Thạnh', 164),
('HS400', N'Nguyễn Thị Yến', 'Nữ', '2014-10-03', '5A2', N'Gò Vấp', 165),
('HS401', N'Lê Thị Kim Oanh', 'Nữ', '2014-12-12', '5A2', N'Q.6, TP.HCM', 166),
('HS402', N'Trần Văn Phát', N'Nam', '2014-05-09', '5A2', N'Q.2, TP.HCM', 167),
('HS403', N'Phạm Thị Thanh Thảo', 'Nữ', '2014-09-16', '5A2', N'Q.8, TP.HCM', 168),
('HS404', N'Nguyễn Văn Thắng', N'Nam', '2014-03-03', '5A2', N'Q.9, TP.HCM', 169),
('HS405', N'Võ Thị Thùy Trang', 'Nữ', '2014-07-13', '5A2', N'Q.4, TP.HCM', 170),
('HS406', N'Đặng Hoàng Lộc', N'Nam', '2014-11-22', '5A2', N'Q.1, TP.HCM', 171),
('HS407', N'Bùi Thị Kim Ngân', 'Nữ', '2014-01-13', '5A2', N'Q.3, TP.HCM', 172),
('HS408', N'Hoàng Văn An', 'Nam', '2014-04-05', '5A2', N'Q.5, TP.HCM', 173),
('HS409', N'Đỗ Thị Anh Đào', 'Nữ', '2014-08-04', '5A2', 'Q.10, TP.HCM', 174),
('HS410', N'Nguyễn Thùy Hằng', 'Nữ', '2014-02-07', '5A2', N'Q.7, TP.HCM', 175),
('HS411', N'Lê Thái An', N'Nam', '2014-06-17', '5A2', N'Q.11, TP.HCM', 176),
('HS412', N'Trần Văn Khoa', N'Nam', '2014-10-24', '5A2', N'Tân Bình', 177),
('HS413', N'Phạm Thị Minh Châu', 'Nữ', '2014-12-06', '5A2', N'Tân Phú', 178),
('HS414', N'Nguyễn Văn Dũng', 'Nam', '2014-05-20', '5A2', N'Bình Thạnh', 179),
('HS415', N'Võ Trung Hiếu', 'Nam', '2014-09-30', '5A2', N'Gò Vấp', 180),
('HS416', N'Đặng Hoàng Việt', 'Nam', '2014-03-11', '5A2', N'Q.6, TP.HCM', 181),
('HS417', N'Bùi Thị Lê', 'Nữ', '2014-07-18', '5A2', N'Q.2, TP.HCM', 182),
('HS418', N'Hoàng Thị Thùy', 'Nữ', '2014-11-05', '5A2', N'Q.8, TP.HCM', 183),
('HS419', N'Đỗ Thị Hương', 'Nữ', '2014-01-09', '5A2', N'Q.9, TP.HCM', 184),
('HS420', N'Nguyễn Văn Cường', N'Nam', '2014-04-22', '5A2', N'Q.4, TP.HCM', 185),

-- Lớp 5A3 (HS421 - HS450) - Học sinh sinh năm 2014
('HS421', N'Lê Thị Lan Anh', N'Nữ', '2014-09-04', '5A3', N'Q.1, TP.HCM', 186),
('HS422', N'Nguyễn Văn Nam', N'Nam', '2014-03-13', '5A3', N'Q.3, TP.HCM', 187),
('HS423', N'Trần Minh Khang', 'Nam', '2014-07-23', '5A3', N'Q.5, TP.HCM', 188),
('HS424', N'Phạm Thu Thảo', 'Nữ', '2014-11-08', '5A3', N'Q.10, TP.HCM', 189),
('HS425', N'Võ Hoàng Sơn', 'Nam', '2014-01-28', '5A3', N'Q.7, TP.HCM', 190),
('HS426', N'Đỗ Thị Thanh Nhàn', 'Nữ', '2014-04-15', '5A3', N'Q.11, TP.HCM', 191),
('HS427', N'Bùi Quang Vinh', 'Nam', '2014-08-11', '5A3', N'Tân Bình', 192),
('HS428', N'Hoàng Yến Nhi', 'Nữ', '2014-02-21', '5A3', N'Tân Phú', 193),
('HS429', N'Đinh Tuấn Anh', 'Nam', '2014-06-25', '5A3', N'Bình Thạnh', 194),
('HS430', N'Nguyễn Thị Kim Chi', 'Nữ', '2014-10-04', '5A3', N'Gò Vấp', 195),
('HS431', N'Lê Hữu Đạt', 'Nam', '2014-12-13', '5A3', N'Q.6, TP.HCM', 196),
('HS432', N'Phạm Ngọc Trâm', 'Nữ', '2014-05-10', '5A3', N'Q.2, TP.HCM', 197),
('HS433', N'Trần Quốc Bảo', 'Nam', '2014-09-17', '5A3', N'Q.8, TP.HCM', 198),
('HS434', N'Nguyễn Thị Tuyết Mai', 'Nữ', '2014-03-04', '5A3', N'Q.9, TP.HCM', 199),
('HS435', N'Vũ Đình Khang', 'Nam', '2014-07-14', '5A3', N'Q.4, TP.HCM', 200),
('HS436', N'Hà Thị Thùy Dung', 'Nữ', '2014-11-23', '5A3', N'Q.1, TP.HCM', 201),
('HS437', N'Đặng Thanh Phong', 'Nam', '2014-01-14', '5A3', N'Q.3, TP.HCM', 202),
('HS438', N'Bùi Thanh Loan', 'Nữ', '2014-04-07', '5A3', N'Q.5, TP.HCM', 203),
('HS439', N'Ngô Gia Huy', 'Nam', '2014-08-05', '5A3', 'Q.10, TP.HCM', 204),
('HS440', N'Lê Thị Bảo An', 'Nữ', '2014-02-09', '5A3', N'Q.7, TP.HCM', 205),
('HS441', N'Phạm Văn Cường', 'Nam', '2014-06-19', '5A3', N'Q.11, TP.HCM', 206),
('HS442', N'Trần Thị Ngọc Bích', 'Nữ', '2014-10-26', '5A3', N'Tân Bình', 207),
('HS443', N'Nguyễn Đình Thịnh', 'Nam', '2014-12-08', '5A3', N'Tân Phú', 208),
('HS444', N'Võ Thị Trà My', 'Nữ', '2014-05-21', '5A3', N'Bình Thạnh', 209),
('HS445', N'Đinh Hữu Lộc', 'Nam', '2014-09-01', '5A3', N'Gò Vấp', 210),
('HS446', N'Bùi Thị Hải Yến', 'Nữ', '2014-03-13', '5A3', N'Q.6, TP.HCM', 211),
('HS447', N'Lê Đức Trọng', 'Nam', '2014-07-20', '5A3', N'Q.2, TP.HCM', 212),
('HS448', N'Nguyễn Thị Hà My', 'Nữ', '2014-11-06', '5A3', N'Q.8, TP.HCM', 213),
('HS449', N'Phạm Gia Khang', 'Nam', '2014-01-11', '5A3', N'Q.9, TP.HCM', 214),
('HS450', N'Đào Thị Mỹ Duyên', 'Nữ', '2014-04-24', '5A3', N'Q.4, TP.HCM', 215);


INSERT INTO [SWP391].[dbo].[Student_Health]
           ([student_id]
           ,[height_cm]
           ,[weight_kg]
           ,[blood_type]
           ,[allergy]
           ,[chronic_disease]
           ,[vision_left]
           ,[vision_right]
           ,[hearing_left]
           ,[hearing_right]
           ,[health_status]
           ,[created_at]
           ,[updated_at])
VALUES
-- Dữ liệu mẫu cho lớp 1 (9 - 98)
-- 1A1 (9-38)
(1, 137.4, 33.3, N'AB', N'Không có', N'Không có', 10, 10, N'Bình thường', N'Bình thường', N'Tốt', GETDATE(), GETDATE()),
(2, 134.9, 31.7, N'A', N'Không có', N'Không có', 10, 10, N'Bình thường', N'Bình thường', N'Bình thường', GETDATE(), GETDATE()),
(3, 137.6, 33.5, N'B', N'Không có', N'Không có', 10, 10, N'Bình thường', N'Bình thường', N'Bình thường', GETDATE(), GETDATE()),
(4, 134.2, 31.1, N'O', N'Không có', N'Không có', 9, 9, N'Bình thường', N'Bình thường', N'Bình thường', GETDATE(), GETDATE()),
(5, 136.7, 32.8, N'AB', N'Không có', N'Không có', 10, 10, N'Bình thường', N'Bình thường', N'Tốt', GETDATE(), GETDATE()),
(6, 135.6, 32.2, N'A', N'Không có', N'Không có', 10, 10, N'Bình thường', N'Bình thường', N'Bình thường', GETDATE(), GETDATE()),
(7, 137.2, 33.2, N'B', N'Không có', N'Không có', 10, 10, N'Bình thường', N'Bình thường', N'Bình thường', GETDATE(), GETDATE()),
(8, 134.1, 31.0, N'O', N'Không có', N'Không có', 8, 8, N'Bình thường', N'Bình thường', N'Bình thường', GETDATE(), GETDATE()),
(9, 115.5, 20.1, N'O', N'Không có', N'Không có', 10, 10, N'Bình thường', N'Bình thường', N'Bình thường', GETDATE(), GETDATE()),
(10, 114.8, 19.8, N'A', N'Không có', N'Không có', 10, 10, N'Bình thường', N'Bình thường', N'Bình thường', GETDATE(), GETDATE()),
(11, 116.0, 20.5, N'B', N'Không có', N'Không có', 10, 10, N'Bình thường', N'Bình thường', N'Bình thường', GETDATE(), GETDATE()),
(12, 115.2, 19.9, N'AB', N'Không có', N'Không có', 9, 10, N'Bình thường', N'Bình thường', N'Bình thường', GETDATE(), GETDATE()),
(13, 117.0, 21.0, N'O', N'Không có', N'Không có', 10, 10, N'Bình thường', N'Bình thường', N'Tốt', GETDATE(), GETDATE()),
(14, 114.5, 19.5, N'A', N'Không có', N'Không có', 10, 10, N'Bình thường', N'Bình thường', N'Bình thường', GETDATE(), GETDATE()),
(15, 116.8, 20.7, N'B', N'Dị ứng phấn hoa', N'Không có', 10, 10, N'Bình thường', N'Bình thường', N'Cần theo dõi', GETDATE(), GETDATE()),
(16, 115.0, 19.7, N'O', N'Không có', N'Không có', 9.5, 9, N'Bình thường', N'Bình thường', N'Bình thường', GETDATE(), GETDATE()),
(17, 117.2, 21.1, N'AB', N'Không có', N'Không có', 10, 10, N'Bình thường', N'Bình thường', N'Tốt', GETDATE(), GETDATE()),
(18, 114.0, 19.0, N'A', N'Không có', N'Không có', 10, 10, N'Bình thường', N'Bình thường', N'Bình thường', GETDATE(), GETDATE()),
(19, 115.8, 20.3, N'O', N'Không có', N'Không có', 10, 10, N'Bình thường', N'Bình thường', N'Bình thường', GETDATE(), GETDATE()),
(20, 114.3, 19.6, N'B', N'Không có', N'Không có', 9, 9, N'Bình thường', N'Bình thường', N'Bình thường', GETDATE(), GETDATE()),
(21, 116.5, 20.8, N'A', N'Không có', N'Không có', 10, 10, N'Tốt', N'Bình thường', N'Bình thường', GETDATE(), GETDATE()),
(22, 115.0, 19.9, N'AB', N'Không có', N'Không có', 9.5, 9.5, N'Bình thường', N'Bình thường', N'Bình thường', GETDATE(), GETDATE()),
(23, 117.5, 21.5, N'O', N'Không có', N'Không có', 10, 10, N'Bình thường', N'Bình thường', N'Tốt', GETDATE(), GETDATE()),
(24, 114.7, 19.7, N'A', N'Không có', N'Không có', 10, 10, N'Bình thường', N'Bình thường', N'Bình thường', GETDATE(), GETDATE()),
(25, 116.2, 20.6, N'B', N'Không có', N'Không có', 9, 10, N'Bình thường', N'Bình thường', N'Bình thường', GETDATE(), GETDATE()),
(26, 115.3, 20.0, N'O', N'Không có', N'Không có', 10, 10, N'Bình thường', N'Bình thường', N'Bình thường', GETDATE(), GETDATE()),
(27, 117.0, 21.2, N'AB', N'Không có', N'Không có', 8.5, 8.5, N'Bình thường', N'Bình thường', N'Tốt', GETDATE(), GETDATE()),
(28, 114.6, 19.6, N'A', N'Không có', N'Không có', 10, 10, N'Bình thường', N'Bình thường', N'Bình thường', GETDATE(), GETDATE()),
(29, 116.1, 20.4, N'B', N'Không có', N'Không có', 10, 10, N'Bình thường', N'Bình thường', N'Bình thường', GETDATE(), GETDATE()),
(30, 115.1, 19.9, N'O', N'Không có', N'Hen suyễn nhẹ', 10, 10, N'Bình thường', N'Bình thường', N'Cần theo dõi', GETDATE(), GETDATE()),
(31, 116.9, 21.0, N'AB', N'Không có', N'Không có', 10, 10, N'Bình thường', N'Bình thường', N'Tốt', GETDATE(), GETDATE()),
(32, 114.9, 19.8, N'A', N'Không có', N'Không có', 10, 10, N'Bình thường', N'Bình thường', N'Bình thường', GETDATE(), GETDATE()),
(33, 117.3, 21.3, N'B', N'Không có', N'Không có', 10, 10, N'Bình thường', N'Bình thường', N'Bình thường', GETDATE(), GETDATE()),
(34, 114.4, 19.5, N'O', N'Không có', N'Không có', 9, 9, N'Bình thường', N'Bình thường', N'Bình thường', GETDATE(), GETDATE()),
(35, 116.7, 20.9, N'AB', N'Không có', N'Không có', 10, 10, N'Bình thường', N'Bình thường', N'Tốt', GETDATE(), GETDATE()),
(36, 115.6, 20.2, N'A', N'Không có', N'Không có', 10, 10, N'Bình thường', N'Bình thường', N'Bình thường', GETDATE(), GETDATE()),
(37, 117.1, 21.1, N'B', N'Không có', N'Không có', 10, 10, N'Bình thường', N'Bình thường', N'Bình thường', GETDATE(), GETDATE()),
(38, 114.2, 19.4, N'O', N'Không có', N'Không có', 10, 10, N'Bình thường', N'Bình thường', N'Bình thường', GETDATE(), GETDATE()),

-- 1A2 (39-68)
(39, 115.7, 20.2, N'A', N'Không có', N'Không có', 10, 10, N'Bình thường', N'Bình thường', N'Bình thường', GETDATE(), GETDATE()),
(40, 116.3, 20.7, N'B', N'Không có', N'Không có', 10, 10, N'Bình thường', N'Bình thường', N'Tốt', GETDATE(), GETDATE()),
(41, 115.0, 19.9, N'O', N'Dị ứng hải sản', N'Không có', 10, 10, N'Bình thường', N'Bình thường', N'Cần theo dõi', GETDATE(), GETDATE()),
(42, 114.9, 19.8, N'AB', N'Không có', N'Không có', 9, 10, N'Bình thường', N'Bình thường', N'Bình thường', GETDATE(), GETDATE()),
(43, 117.0, 21.0, N'A', N'Không có', N'Không có', 10, 10, N'Bình thường', N'Bình thường', N'Bình thường', GETDATE(), GETDATE()),
(44, 114.6, 19.6, N'B', N'Không có', N'Không có', 10, 10, N'Bình thường', N'Bình thường', N'Bình thường', GETDATE(), GETDATE()),
(45, 116.5, 20.8, N'O', N'Không có', N'Không có', 10, 10, N'Bình thường', N'Bình thường', N'Tốt', GETDATE(), GETDATE()),
(46, 115.1, 19.9, N'AB', N'Không có', N'Không có', 10, 10, N'Bình thường', N'Bình thường', N'Bình thường', GETDATE(), GETDATE()),
(47, 117.2, 21.1, N'A', N'Không có', N'Không có', 10, 10, N'Bình thường', N'Bình thường', N'Bình thường', GETDATE(), GETDATE()),
(48, 114.0, 19.0, N'B', N'Không có', N'Không có', 9, 9, N'Bình thường', N'Bình thường', N'Bình thường', GETDATE(), GETDATE()),
(49, 115.8, 20.3, N'O', N'Không có', N'Không có', 10, 10, N'Bình thường', N'Bình thường', N'Bình thường', GETDATE(), GETDATE()),
(50, 114.3, 19.6, N'AB', N'Không có', N'Không có', 10, 10, N'Bình thường', N'Bình thường', N'Bình thường', GETDATE(), GETDATE()),
(51, 116.6, 20.9, N'A', N'Không có', N'Không có', 10, 10, N'Bình thường', N'Bình thường', N'Tốt', GETDATE(), GETDATE()),
(52, 115.2, 20.0, N'B', N'Không có', N'Không có', 10, 10, N'Bình thường', N'Bình thường', N'Bình thường', GETDATE(), GETDATE()),
(53, 117.4, 21.4, N'O', N'Không có', N'Không có', 10, 10, N'Bình thường', N'Bình thường', N'Bình thường', GETDATE(), GETDATE()),
(54, 114.7, 19.7, N'AB', N'Không có', N'Không có', 9, 10, N'Bình thường', N'Bình thường', N'Bình thường', GETDATE(), GETDATE()),
(55, 116.1, 20.5, N'A', N'Không có', N'Không có', 10, 10, N'Bình thường', N'Bình thường', N'Bình thường', GETDATE(), GETDATE()),
(56, 115.3, 20.1, N'B', N'Không có', N'Không có', 10, 10, N'Bình thường', N'Bình thường', N'Bình thường', GETDATE(), GETDATE()),
(57, 117.1, 21.2, N'O', N'Không có', N'Không có', 10, 10, N'Bình thường', N'Bình thường', N'Tốt', GETDATE(), GETDATE()),
(58, 114.5, 19.5, N'AB', N'Dị ứng bụi', N'Không có', 10, 10, N'Bình thường', N'Bình thường', N'Cần theo dõi', GETDATE(), GETDATE()),
(59, 116.0, 20.4, N'A', N'Không có', N'Không có', 10, 10, N'Bình thường', N'Bình thường', N'Bình thường', GETDATE(), GETDATE()),
(60, 115.0, 19.8, N'B', N'Không có', N'Không có', 10, 10, N'Bình thường', N'Bình thường', N'Bình thường', GETDATE(), GETDATE()),
(61, 116.9, 21.0, N'O', N'Không có', N'Không có', 10, 10, N'Bình thường', N'Bình thường', N'Tốt', GETDATE(), GETDATE()),
(62, 114.8, 19.7, N'AB', N'Không có', N'Không có', 9, 9, N'Bình thường', N'Bình thường', N'Bình thường', GETDATE(), GETDATE()),
(63, 117.3, 21.3, N'A', N'Không có', N'Không có', 10, 10, N'Bình thường', N'Bình thường', N'Bình thường', GETDATE(), GETDATE()),
(64, 114.2, 19.4, N'B', N'Không có', N'Không có', 10, 10, N'Bình thường', N'Bình thường', N'Bình thường', GETDATE(), GETDATE()),
(65, 116.7, 20.9, N'O', N'Không có', N'Không có', 10, 10, N'Bình thường', N'Bình thường', N'Tốt', GETDATE(), GETDATE()),
(66, 115.4, 20.1, N'AB', N'Không có', N'Không có', 10, 10, N'Bình thường', N'Bình thường', N'Bình thường', GETDATE(), GETDATE()),
(67, 117.1, 21.1, N'A', N'Không có', N'Không có', 10, 10, N'Bình thường', N'Bình thường', N'Bình thường', GETDATE(), GETDATE()),
(68, 114.1, 19.3, N'B', N'Không có', N'Không có', 10, 10, N'Bình thường', N'Bình thường', N'Bình thường', GETDATE(), GETDATE()),

-- 1A3 (69-98)
(69, 115.9, 20.3, N'O', N'Không có', N'Không có', 10, 10, N'Bình thường', N'Bình thường', N'Bình thường', GETDATE(), GETDATE()),
(70, 114.8, 19.7, N'A', N'Không có', N'Không có', 10, 10, N'Bình thường', N'Bình thường', N'Bình thường', GETDATE(), GETDATE()),
(71, 116.4, 20.8, N'B', N'Không có', N'Không có', 10, 10, N'Bình thường', N'Bình thường', N'Tốt', GETDATE(), GETDATE()),
(72, 115.0, 19.9, N'AB', N'Không có', N'Không có', 9, 10, N'Bình thường', N'Bình thường', N'Bình thường', GETDATE(), GETDATE()),
(73, 117.0, 21.0, N'O', N'Không có', N'Không có', 10, 10, N'Bình thường', N'Bình thường', N'Bình thường', GETDATE(), GETDATE()),
(74, 114.5, 19.5, N'A', N'Không có', N'Không có', 10, 10, N'Bình thường', N'Bình thường', N'Bình thường', GETDATE(), GETDATE()),
(75, 116.8, 20.7, N'B', N'Dị ứng phấn hoa', N'Không có', 10, 10, N'Bình thường', N'Bình thường', N'Cần theo dõi', GETDATE(), GETDATE()),
(76, 115.0, 19.7, N'O', N'Không có', N'Không có', 10, 9, N'Bình thường', N'Bình thường', N'Bình thường', GETDATE(), GETDATE()),
(77, 117.2, 21.1, N'AB', N'Không có', N'Không có', 10, 10, N'Bình thường', N'Bình thường', N'Tốt', GETDATE(), GETDATE()),
(78, 114.0, 19.0, N'A', N'Không có', N'Không có', 10, 10, N'Bình thường', N'Bình thường', N'Bình thường', GETDATE(), GETDATE()),
(79, 115.8, 20.3, N'O', N'Không có', N'Không có', 10, 10, N'Bình thường', N'Bình thường', N'Bình thường', GETDATE(), GETDATE()),
(80, 114.3, 19.6, N'B', N'Không có', N'Không có', 9, 9, N'Bình thường', N'Bình thường', N'Bình thường', GETDATE(), GETDATE()),
(81, 116.5, 20.8, N'A', N'Không có', N'Không có', 10, 10, N'Tốt', N'Bình thường', N'Bình thường', GETDATE(), GETDATE()),
(82, 115.0, 19.9, N'AB', N'Không có', N'Không có', 10, 10, N'Bình thường', N'Bình thường', N'Bình thường', GETDATE(), GETDATE()),
(83, 117.5, 21.5, N'O', N'Không có', N'Không có', 10, 10, N'Bình thường', N'Bình thường', N'Tốt', GETDATE(), GETDATE()),
(84, 114.7, 19.7, N'A', N'Không có', N'Không có', 10, 10, N'Bình thường', N'Bình thường', N'Bình thường', GETDATE(), GETDATE()),
(85, 116.2, 20.6, N'B', N'Không có', N'Không có', 9, 10, N'Bình thường', N'Bình thường', N'Bình thường', GETDATE(), GETDATE()),
(86, 115.3, 20.0, N'O', N'Không có', N'Không có', 10, 10, N'Bình thường', N'Bình thường', N'Bình thường', GETDATE(), GETDATE()),
(87, 117.0, 21.2, N'AB', N'Không có', N'Không có', 10, 10, N'Bình thường', N'Bình thường', N'Tốt', GETDATE(), GETDATE()),
(88, 114.6, 19.6, N'A', N'Không có', N'Không có', 10, 10, N'Bình thường', N'Bình thường', N'Bình thường', GETDATE(), GETDATE()),
(89, 116.1, 20.4, N'B', N'Không có', N'Không có', 10, 10, N'Bình thường', N'Bình thường', N'Bình thường', GETDATE(), GETDATE()),
(90, 115.1, 19.9, N'O', N'Không có', N'Hen suyễn nhẹ', 10, 10, N'Bình thường', N'Bình thường', N'Cần theo dõi', GETDATE(), GETDATE()),
(91, 116.9, 21.0, N'AB', N'Không có', N'Không có', 10, 10, N'Bình thường', N'Bình thường', N'Tốt', GETDATE(), GETDATE()),
(92, 114.9, 19.8, N'A', N'Không có', N'Không có', 10, 10, N'Bình thường', N'Bình thường', N'Bình thường', GETDATE(), GETDATE()),
(93, 117.3, 21.3, N'B', N'Không có', N'Không có', 10, 10, N'Bình thường', N'Bình thường', N'Bình thường', GETDATE(), GETDATE()),
(94, 114.4, 19.5, N'O', N'Không có', N'Không có', 9, 9, N'Bình thường', N'Bình thường', N'Bình thường', GETDATE(), GETDATE()),
(95, 116.7, 20.9, N'AB', N'Không có', N'Không có', 10, 10, N'Bình thường', N'Bình thường', N'Tốt', GETDATE(), GETDATE()),
(96, 115.6, 20.2, N'A', N'Không có', N'Không có', 10, 10, N'Bình thường', N'Bình thường', N'Bình thường', GETDATE(), GETDATE()),
(97, 117.1, 21.1, N'B', N'Không có', N'Không có', 10, 10, N'Bình thường', N'Bình thường', N'Bình thường', GETDATE(), GETDATE()),
(98, 114.2, 19.4, N'O', N'Không có', N'Không có', 10, 10, N'Bình thường', N'Bình thường', N'Bình thường', GETDATE(), GETDATE()),

-- Dữ liệu mẫu cho lớp 2 (99 - 188)
-- 2A1 (99-128)
(99, 120.0, 22.5, N'O', N'Không có', N'Không có', 10, 10, N'Bình thường', N'Bình thường', N'Bình thường', GETDATE(), GETDATE()),
(100, 119.5, 22.1, N'A', N'Không có', N'Không có', 10, 10, N'Bình thường', N'Bình thường', N'Bình thường', GETDATE(), GETDATE()),
(101, 121.0, 23.0, N'B', N'Không có', N'Không có', 10, 10, N'Bình thường', N'Bình thường', N'Tốt', GETDATE(), GETDATE()),
(102, 120.2, 22.3, N'AB', N'Không có', N'Không có', 9, 10, N'Bình thường', N'Bình thường', N'Bình thường', GETDATE(), GETDATE()),
(103, 122.0, 23.5, N'O', N'Không có', N'Không có', 10, 10, N'Bình thường', N'Bình thường', N'Bình thường', GETDATE(), GETDATE()),
(104, 119.0, 21.8, N'A', N'Không có', N'Không có', 10, 10, N'Bình thường', N'Bình thường', N'Bình thường', GETDATE(), GETDATE()),
(105, 121.5, 23.2, N'B', N'Dị ứng lạc', N'Không có', 10, 10, N'Bình thường', N'Bình thường', N'Cần theo dõi', GETDATE(), GETDATE()),
(106, 120.5, 22.7, N'O', N'Không có', N'Không có', 10, 9, N'Bình thường', N'Bình thường', N'Bình thường', GETDATE(), GETDATE()),
(107, 122.5, 23.7, N'AB', N'Không có', N'Không có', 10, 10, N'Bình thường', N'Bình thường', N'Tốt', GETDATE(), GETDATE()),
(108, 119.8, 22.0, N'A', N'Không có', N'Không có', 10, 10, N'Bình thường', N'Bình thường', N'Bình thường', GETDATE(), GETDATE()),
(109, 120.8, 22.8, N'O', N'Không có', N'Không có', 10, 10, N'Bình thường', N'Bình thường', N'Bình thường', GETDATE(), GETDATE()),
(110, 119.2, 21.9, N'B', N'Không có', N'Không có', 9, 9, N'Bình thường', N'Bình thường', N'Bình thường', GETDATE(), GETDATE()),
(111, 121.8, 23.4, N'A', N'Không có', N'Không có', 10, 10, N'Bình thường', N'Bình thường', N'Tốt', GETDATE(), GETDATE()),
(112, 120.1, 22.2, N'ABz', N'Không có', N'Không có', 10, 10, N'Bình thường', N'Bình thường', N'Bình thường', GETDATE(), GETDATE()),
(113, 122.3, 23.6, N'O', N'Không có', N'Không có', 10, 10, N'Bình thường', N'Bình thường', N'Tốt', GETDATE(), GETDATE()),
(114, 119.7, 22.0, N'A', N'Không có', N'Không có', 10, 10, N'Bình thường', N'Bình thường', N'Bình thường', GETDATE(), GETDATE()),
(115, 121.2, 23.0, N'B', N'Không có', N'Không có', 9, 10, N'Bình thường', N'Bình thường', N'Bình thường', GETDATE(), GETDATE()),
(116, 120.3, 22.4, N'O', N'Không có', N'Không có', 10, 10, N'Bình thường', N'Bình thường', N'Bình thường', GETDATE(), GETDATE()),
(117, 122.1, 23.5, N'AB', N'Không có', N'Không có', 10, 10, N'Bình thường', N'Bình thường', N'Tốt', GETDATE(), GETDATE()),
(118, 119.6, 21.9, N'A', N'Không có', N'Không có', 10, 10, N'Bình thường', N'Bình thường', N'Bình thường', GETDATE(), GETDATE()),
(119, 121.1, 22.9, N'B', N'Không có', N'Không có', 10, 10, N'Bình thường', N'Bình thường', N'Bình thường', GETDATE(), GETDATE()),
(120, 120.0, 22.2, N'O', N'Không có', N'Tiểu đường loại 1', 10, 10, N'Bình thường', N'Bình thường', N'Cần theo dõi', GETDATE(), GETDATE()),
(121, 122.4, 23.8, N'AB', N'Không có', N'Không có', 10, 10, N'Bình thường', N'Bình thường', N'Tốt', GETDATE(), GETDATE()),
(122, 119.9, 22.1, N'A', N'Không có', N'Không có', 10, 10, N'Bình thường', N'Bình thường', N'Bình thường', GETDATE(), GETDATE()),
(123, 122.6, 23.9, N'B', N'Không có', N'Không có', 10, 10, N'Bình thường', N'Bình thường', N'Bình thường', GETDATE(), GETDATE()),
(124, 119.1, 21.7, N'O', N'Không có', N'Không có', 9, 9, N'Bình thường', N'Bình thường', N'Bình thường', GETDATE(), GETDATE()),
(125, 121.7, 23.3, N'AB', N'Không có', N'Không có', 10, 10, N'Bình thường', N'Bình thường', N'Tốt', GETDATE(), GETDATE()),
(126, 120.6, 22.6, N'A', N'Không có', N'Không có', 10, 10, N'Bình thường', N'Bình thường', N'Bình thường', GETDATE(), GETDATE()),
(127, 122.2, 23.6, N'B', N'Không có', N'Không có', 10, 10, N'Bình thường', N'Bình thường', N'Bình thường', GETDATE(), GETDATE()),
(128, 119.4, 21.6, N'O', N'Không có', N'Không có', 10, 10, N'Bình thường', N'Bình thường', N'Bình thường', GETDATE(), GETDATE()),

-- 2A2 (129-158)
(129, 120.3, 22.6, N'A', N'Không có', N'Không có', 10, 10, N'Bình thường', N'Bình thường', N'Bình thường', GETDATE(), GETDATE()),
(130, 121.0, 23.1, N'B', N'Không có', N'Không có', 10, 10, N'Bình thường', N'Bình thường', N'Tốt', GETDATE(), GETDATE()),
(131, 120.0, 22.2, N'O', N'Dị ứng thuốc', N'Không có', 10, 10, N'Bình thường', N'Bình thường', N'Cần theo dõi', GETDATE(), GETDATE()),
(132, 119.9, 22.1, N'AB', N'Không có', N'Không có', 9, 10, N'Bình thường', N'Bình thường', N'Bình thường', GETDATE(), GETDATE()),
(133, 122.0, 23.5, N'A', N'Không có', N'Không có', 10, 10, N'Bình thường', N'Bình thường', N'Bình thường', GETDATE(), GETDATE()),
(134, 119.6, 21.9, N'B', N'Không có', N'Không có', 10, 10, N'Bình thường', N'Bình thường', N'Bình thường', GETDATE(), GETDATE()),
(135, 121.5, 23.2, N'O', N'Không có', N'Không có', 10, 10, N'Bình thường', N'Bình thường', N'Tốt', GETDATE(), GETDATE()),
(136, 120.1, 22.3, N'AB', N'Không có', N'Không có', 10, 10, N'Bình thường', N'Bình thường', N'Bình thường', GETDATE(), GETDATE()),
(137, 122.2, 23.6, N'A', N'Không có', N'Không có', 10, 10, N'Bình thường', N'Bình thường', N'Bình thường', GETDATE(), GETDATE()),
(138, 119.0, 21.5, N'B', N'Không có', N'Không có', 9, 9, N'Bình thường', N'Bình thường', N'Bình thường', GETDATE(), GETDATE()),
(139, 120.8, 22.9, N'O', N'Không có', N'Không có', 10, 10, N'Bình thường', N'Bình thường', N'Bình thường', GETDATE(), GETDATE()),
(140, 119.3, 21.7, N'AB', N'Không có', N'Không có', 10, 10, N'Bình thường', N'Bình thường', N'Bình thường', GETDATE(), GETDATE()),
(141, 121.6, 23.3, N'A', N'Không có', N'Không có', 10, 10, N'Bình thường', N'Bình thường', N'Tốt', GETDATE(), GETDATE()),
(142, 120.2, 22.4, N'B', N'Không có', N'Không có', 10, 10, N'Bình thường', N'Bình thường', N'Bình thường', GETDATE(), GETDATE()),
(143, 122.4, 23.8, N'O', N'Không có', N'Không có', 10, 10, N'Bình thường', N'Bình thường', N'Bình thường', GETDATE(), GETDATE()),
(144, 119.7, 22.0, N'AB', N'Không có', N'Không có', 9, 10, N'Bình thường', N'Bình thường', N'Bình thường', GETDATE(), GETDATE()),
(145, 121.1, 23.0, N'A', N'Không có', N'Không có', 10, 10, N'Bình thường', N'Bình thường', N'Bình thường', GETDATE(), GETDATE()),
(146, 120.4, 22.5, N'B', N'Không có', N'Không có', 10, 10, N'Bình thường', N'Bình thường', N'Bình thường', GETDATE(), GETDATE()),
(147, 122.3, 23.7, N'O', N'Không có', N'Không có', 10, 10, N'Bình thường', N'Bình thường', N'Tốt', GETDATE(), GETDATE()),
(148, 119.5, 21.8, N'AB', N'Dị ứng lông chó', N'Không có', 10, 10, N'Bình thường', N'Bình thường', N'Cần theo dõi', GETDATE(), GETDATE()),
(149, 121.0, 22.9, N'A', N'Không có', N'Không có', 10, 10, N'Bình thường', N'Bình thường', N'Bình thường', GETDATE(), GETDATE()),
(150, 120.0, 22.2, N'B', N'Không có', N'Không có', 10, 10, N'Bình thường', N'Bình thường', N'Bình thường', GETDATE(), GETDATE()),
(151, 122.1, 23.5, N'O', N'Không có', N'Không có', 10, 10, N'Bình thường', N'Bình thường', N'Tốt', GETDATE(), GETDATE()),
(152, 119.8, 22.1, N'AB', N'Không có', N'Không có', 9, 9, N'Bình thường', N'Bình thường', N'Bình thường', GETDATE(), GETDATE()),
(153, 122.5, 23.9, N'A', N'Không có', N'Không có', 10, 10, N'Bình thường', N'Bình thường', N'Bình thường', GETDATE(), GETDATE()),
(154, 119.1, 21.6, N'B', N'Không có', N'Không có', 10, 10, N'Bình thường', N'Bình thường', N'Bình thường', GETDATE(), GETDATE()),
(155, 121.7, 23.4, N'O', N'Không có', N'Không có', 10, 10, N'Bình thường', N'Bình thường', N'Tốt', GETDATE(), GETDATE()),
(156, 120.5, 22.7, N'AB', N'Không có', N'Không có', 10, 10, N'Bình thường', N'Bình thường', N'Bình thường', GETDATE(), GETDATE()),
(157, 122.2, 23.6, N'A', N'Không có', N'Không có', 10, 10, N'Bình thường', N'Bình thường', N'Bình thường', GETDATE(), GETDATE()),
(158, 119.4, 21.8, N'B', N'Không có', N'Không có', 10, 10, N'Bình thường', N'Bình thường', N'Bình thường', GETDATE(), GETDATE()),

-- 2A3 (159-188)
(159, 120.6, 22.8, N'O', N'Không có', N'Không có', 10, 10, N'Bình thường', N'Bình thường', N'Bình thường', GETDATE(), GETDATE()),
(160, 119.5, 21.9, N'A', N'Không có', N'Không có', 10, 10, N'Bình thường', N'Bình thường', N'Bình thường', GETDATE(), GETDATE()),
(161, 121.3, 23.1, N'B', N'Không có', N'Không có', 10, 10, N'Bình thường', N'Bình thường', N'Tốt', GETDATE(), GETDATE()),
(162, 120.0, 22.2, N'AB', N'Không có', N'Không có', 9, 10, N'Bình thường', N'Bình thường', N'Bình thường', GETDATE(), GETDATE()),
(163, 122.0, 23.5, N'O', N'Không có', N'Không có', 10, 10, N'Bình thường', N'Bình thường', N'Bình thường', GETDATE(), GETDATE()),
(164, 119.0, 21.5, N'A', N'Không có', N'Không có', 10, 10, N'Bình thường', N'Bình thường', N'Bình thường', GETDATE(), GETDATE()),
(165, 121.8, 23.4, N'B', N'Dị ứng sữa', N'Không có', 10, 10, N'Bình thường', N'Bình thường', N'Cần theo dõi', GETDATE(), GETDATE()),
(166, 120.5, 22.7, N'O', N'Không có', N'Không có', 10, 9, N'Bình thường', N'Bình thường', N'Bình thường', GETDATE(), GETDATE()),
(167, 122.5, 23.7, N'AB', N'Không có', N'Không có', 10, 10, N'Bình thường', N'Bình thường', N'Tốt', GETDATE(), GETDATE()),
(168, 119.8, 22.0, N'A', N'Không có', N'Không có', 10, 10, N'Bình thường', N'Bình thường', N'Bình thường', GETDATE(), GETDATE()),
(169, 120.8, 22.8, N'O', N'Không có', N'Không có', 10, 10, N'Bình thường', N'Bình thường', N'Bình thường', GETDATE(), GETDATE()),
(170, 119.2, 21.6, N'B', N'Không có', N'Không có', 9, 9, N'Bình thường', N'Bình thường', N'Bình thường', GETDATE(), GETDATE()),
(171, 121.8, 23.4, N'A', N'Không có', N'Không có', 10, 10, N'Bình thường', N'Bình thường', N'Tốt', GETDATE(), GETDATE()),
(172, 120.1, 22.2, N'AB', N'Không có', N'Không có', 10, 10, N'Bình thường', N'Bình thường', N'Bình thường', GETDATE(), GETDATE()),
(173, 122.3, 23.6, N'O', N'Không có', N'Không có', 10, 10, N'Bình thường', N'Bình thường', N'Tốt', GETDATE(), GETDATE()),
(174, 119.7, 22.0, N'A', N'Không có', N'Không có', 10, 10, N'Bình thường', N'Bình thường', N'Bình thường', GETDATE(), GETDATE()),
(175, 121.2, 23.0, N'B', N'Không có', N'Không có', 9, 10, N'Bình thường', N'Bình thường', N'Bình thường', GETDATE(), GETDATE()),
(176, 120.3, 22.4, N'O', N'Không có', N'Không có', 10, 10, N'Bình thường', N'Bình thường', N'Bình thường', GETDATE(), GETDATE()),
(177, 122.1, 23.5, N'AB', N'Không có', N'Không có', 10, 10, N'Bình thường', N'Bình thường', N'Tốt', GETDATE(), GETDATE()),
(178, 119.6, 21.9, N'A', N'Không có', N'Không có', 10, 10, N'Bình thường', N'Bình thường', N'Bình thường', GETDATE(), GETDATE()),
(179, 121.1, 22.9, N'B', N'Không có', N'Không có', 10, 10, N'Bình thường', N'Bình thường', N'Bình thường', GETDATE(), GETDATE()),
(180, 120.0, 22.2, N'O', N'Không có', N'Thiếu máu', 10, 10, N'Bình thường', N'Bình thường', N'Cần theo dõi', GETDATE(), GETDATE()),
(181, 122.4, 23.8, N'AB', N'Không có', N'Không có', 10, 10, N'Bình thường', N'Bình thường', N'Tốt', GETDATE(), GETDATE()),
(182, 119.9, 22.1, N'A', N'Không có', N'Không có', 10, 10, N'Bình thường', N'Bình thường', N'Bình thường', GETDATE(), GETDATE()),
(183, 122.6, 23.9, N'B', N'Không có', N'Không có', 10, 10, N'Bình thường', N'Bình thường', N'Bình thường', GETDATE(), GETDATE()),
(184, 119.1, 21.7, N'O', N'Không có', N'Không có', 9, 9, N'Bình thường', N'Bình thường', N'Bình thường', GETDATE(), GETDATE()),
(185, 121.7, 23.3, N'AB', N'Không có', N'Không có', 10, 10, N'Bình thường', N'Bình thường', N'Tốt', GETDATE(), GETDATE()),
(186, 120.6, 22.6, N'A', N'Không có', N'Không có', 10, 10, N'Bình thường', N'Bình thường', N'Bình thường', GETDATE(), GETDATE()),
(187, 122.2, 23.6, N'B', N'Không có', N'Không có', 8.5, 8.5, N'Bình thường', N'Bình thường', N'Bình thường', GETDATE(), GETDATE()),
(188, 119.4, 21.8, N'O', N'Không có', N'Không có', 10, 10, N'Bình thường', N'Bình thường', N'Bình thường', GETDATE(), GETDATE()),

-- Dữ liệu mẫu cho lớp 3 (189 - 278)
-- 3A1 (189-218)
(189, 125.0, 25.0, N'O', N'Không có', N'Không có', 10, 10, N'Bình thường', N'Bình thường', N'Bình thường', GETDATE(), GETDATE()),
(190, 124.5, 24.6, N'A', N'Không có', N'Không có', 10, 10, N'Bình thường', N'Bình thường', N'Bình thường', GETDATE(), GETDATE()),
(191, 126.0, 25.5, N'B', N'Không có', N'Không có', 10, 10, N'Bình thường', N'Bình thường', N'Tốt', GETDATE(), GETDATE()),
(192, 125.2, 24.8, N'AB', N'Không có', N'Không có', 9, 10, N'Bình thường', N'Bình thường', N'Bình thường', GETDATE(), GETDATE()),
(193, 127.0, 26.0, N'O', N'Không có', N'Không có', 10, 10, N'Bình thường', N'Bình thường', N'Bình thường', GETDATE(), GETDATE()),
(194, 124.0, 24.0, N'A', N'Không có', N'Không có', 10, 10, N'Bình thường', N'Bình thường', N'Bình thường', GETDATE(), GETDATE()),
(195, 126.5, 25.8, N'B', N'Dị ứng thuốc', N'Không có', 10, 10, N'Bình thường', N'Bình thường', N'Cần theo dõi', GETDATE(), GETDATE()),
(196, 125.0, 24.7, N'O', N'Không có', N'Không có', 10, 9, N'Bình thường', N'Bình thường', N'Bình thường', GETDATE(), GETDATE()),
(197, 127.5, 26.2, N'AB', N'Không có', N'Không có', 10, 10, N'Bình thường', N'Bình thường', N'Tốt', GETDATE(), GETDATE()),
(198, 124.8, 24.3, N'A', N'Không có', N'Không có', 10, 10, N'Bình thường', N'Bình thường', N'Bình thường', GETDATE(), GETDATE()),
(199, 125.8, 25.3, N'O', N'Không có', N'Không có', 10, 10, N'Bình thường', N'Bình thường', N'Bình thường', GETDATE(), GETDATE()),
(200, 124.3, 24.2, N'B', N'Không có', N'Không có', 9, 9, N'Bình thường', N'Bình thường', N'Bình thường', GETDATE(), GETDATE()),
(201, 126.8, 25.9, N'A', N'Không có', N'Không có', 10, 10, N'Bình thường', N'Bình thường', N'Tốt', GETDATE(), GETDATE()),
(202, 125.1, 24.9, N'AB', N'Không có', N'Không có', 9.5, 9.5, N'Bình thường', N'Bình thường', N'Bình thường', GETDATE(), GETDATE()),
(203, 127.3, 26.4, N'O', N'Không có', N'Không có', 10, 10, N'Bình thường', N'Bình thường', N'Tốt', GETDATE(), GETDATE()),
(204, 124.7, 24.5, N'A', N'Không có', N'Không có', 10, 10, N'Bình thường', N'Bình thường', N'Bình thường', GETDATE(), GETDATE()),
(205, 126.2, 25.6, N'B', N'Không có', N'Không có', 9, 10, N'Bình thường', N'Bình thường', N'Bình thường', GETDATE(), GETDATE()),
(206, 125.3, 25.0, N'O', N'Không có', N'Không có', 10, 10, N'Bình thường', N'Bình thường', N'Bình thường', GETDATE(), GETDATE()),
(207, 127.1, 26.1, N'AB', N'Không có', N'Không có', 10, 10, N'Bình thường', N'Bình thường', N'Tốt', GETDATE(), GETDATE()),
(208, 124.6, 24.4, N'A', N'Không có', N'Không có', 10, 10, N'Bình thường', N'Bình thường', N'Bình thường', GETDATE(), GETDATE()),
(209, 126.1, 25.5, N'B', N'Không có', N'Không có', 10, 10, N'Bình thường', N'Bình thường', N'Bình thường', GETDATE(), GETDATE()),
(210, 125.1, 24.9, N'O', N'Không có', N'Hen suyễn', 10, 10, N'Bình thường', N'Bình thường', N'Cần theo dõi', GETDATE(), GETDATE()),
(211, 127.4, 26.3, N'AB', N'Không có', N'Không có', 10, 10, N'Bình thường', N'Bình thường', N'Tốt', GETDATE(), GETDATE()),
(212, 124.9, 24.7, N'A', N'Không có', N'Không có', 10, 10, N'Bình thường', N'Bình thường', N'Bình thường', GETDATE(), GETDATE()),
(213, 127.6, 26.5, N'B', N'Không có', N'Không có', 10, 10, N'Bình thường', N'Bình thường', N'Bình thường', GETDATE(), GETDATE()),
(214, 124.2, 24.1, N'O', N'Không có', N'Không có', 9, 9, N'Bình thường', N'Bình thường', N'Bình thường', GETDATE(), GETDATE()),
(215, 126.7, 25.8, N'AB', N'Không có', N'Không có', 10, 10, N'Bình thường', N'Bình thường', N'Tốt', GETDATE(), GETDATE()),
(216, 125.6, 25.2, N'A', N'Không có', N'Không có', 10, 10, N'Bình thường', N'Bình thường', N'Bình thường', GETDATE(), GETDATE()),
(217, 127.2, 26.2, N'B', N'Không có', N'Không có', 10, 10, N'Bình thường', N'Bình thường', N'Bình thường', GETDATE(), GETDATE()),
(218, 124.1, 24.0, N'O', N'Không có', N'Không có', 10, 10, N'Bình thường', N'Bình thường', N'Bình thường', GETDATE(), GETDATE()),

-- 3A2 (219-248)
(219, 125.5, 25.1, N'A', N'Không có', N'Không có', 10, 10, N'Bình thường', N'Bình thường', N'Bình thường', GETDATE(), GETDATE()),
(220, 126.1, 25.6, N'B', N'Không có', N'Không có', 10, 10, N'Bình thường', N'Bình thường', N'Tốt', GETDATE(), GETDATE()),
(221, 125.0, 24.8, N'O', N'Dị ứng phấn hoa', N'Không có', 10, 10, N'Bình thường', N'Bình thường', N'Cần theo dõi', GETDATE(), GETDATE()),
(222, 124.9, 24.7, N'AB', N'Không có', N'Không có', 9, 10, N'Bình thường', N'Bình thường', N'Bình thường', GETDATE(), GETDATE()),
(223, 127.0, 26.0, N'A', N'Không có', N'Không có', 10, 10, N'Bình thường', N'Bình thường', N'Bình thường', GETDATE(), GETDATE()),
(224, 124.6, 24.4, N'B', N'Không có', N'Không có', 10, 10, N'Bình thường', N'Bình thường', N'Bình thường', GETDATE(), GETDATE()),
(225, 126.5, 25.8, N'O', N'Không có', N'Không có', 10, 10, N'Bình thường', N'Bình thường', N'Tốt', GETDATE(), GETDATE()),
(226, 125.1, 24.9, N'AB', N'Không có', N'Không có', 10, 10, N'Bình thường', N'Bình thường', N'Bình thường', GETDATE(), GETDATE()),
(227, 127.2, 26.1, N'A', N'Không có', N'Không có', 10, 10, N'Bình thường', N'Bình thường', N'Bình thường', GETDATE(), GETDATE()),
(228, 124.0, 23.9, N'B', N'Không có', N'Không có', 9, 9, N'Bình thường', N'Bình thường', N'Bình thường', GETDATE(), GETDATE()),
(229, 125.8, 25.2, N'O', N'Không có', N'Không có', 10, 10, N'Bình thường', N'Bình thường', N'Bình thường', GETDATE(), GETDATE()),
(230, 124.3, 24.1, N'AB', N'Không có', N'Không có', 10, 10, N'Bình thường', N'Bình thường', N'Bình thường', GETDATE(), GETDATE()),
(231, 126.6, 25.7, N'A', N'Không có', N'Không có', 10, 10, N'Bình thường', N'Bình thường', N'Tốt', GETDATE(), GETDATE()),
(232, 125.2, 25.0, N'B', N'Không có', N'Không có', 10, 10, N'Bình thường', N'Bình thường', N'Bình thường', GETDATE(), GETDATE()),
(233, 127.4, 26.3, N'O', N'Không có', N'Không có', 10, 10, N'Bình thường', N'Bình thường', N'Bình thường', GETDATE(), GETDATE()),
(234, 124.7, 24.5, N'AB', N'Không có', N'Không có', 9, 10, N'Bình thường', N'Bình thường', N'Bình thường', GETDATE(), GETDATE()),
(235, 126.1, 25.5, N'A', N'Không có', N'Không có', 10, 10, N'Bình thường', N'Bình thường', N'Bình thường', GETDATE(), GETDATE()),
(236, 125.3, 25.1, N'B', N'Không có', N'Không có', 10, 10, N'Bình thường', N'Bình thường', N'Bình thường', GETDATE(), GETDATE()),
(237, 127.1, 26.2, N'O', N'Không có', N'Không có', 10, 10, N'Bình thường', N'Bình thường', N'Tốt', GETDATE(), GETDATE()),
(238, 124.5, 24.3, N'AB', N'Dị ứng hải sản', N'Không có', 10, 10, N'Bình thường', N'Bình thường', N'Cần theo dõi', GETDATE(), GETDATE()),
(239, 126.0, 25.4, N'A', N'Không có', N'Không có', 10, 10, N'Bình thường', N'Bình thường', N'Bình thường', GETDATE(), GETDATE()),
(240, 125.0, 24.8, N'B', N'Không có', N'Không có', 10, 10, N'Bình thường', N'Bình thường', N'Bình thường', GETDATE(), GETDATE()),
(241, 126.9, 26.0, N'O', N'Không có', N'Không có', 10, 10, N'Bình thường', N'Bình thường', N'Tốt', GETDATE(), GETDATE()),
(242, 124.8, 24.6, N'AB', N'Không có', N'Không có', 9, 9, N'Bình thường', N'Bình thường', N'Bình thường', GETDATE(), GETDATE()),
(243, 127.3, 26.4, N'A', N'Không có', N'Không có', 10, 10, N'Bình thường', N'Bình thường', N'Bình thường', GETDATE(), GETDATE()),
(244, 124.2, 24.0, N'B', N'Không có', N'Không có', 10, 10, N'Bình thường', N'Bình thường', N'Bình thường', GETDATE(), GETDATE()),
(245, 126.7, 25.9, N'O', N'Không có', N'Không có', 10, 10, N'Bình thường', N'Bình thường', N'Tốt', GETDATE(), GETDATE()),
(246, 125.4, 25.2, N'AB', N'Không có', N'Không có', 10, 10, N'Bình thường', N'Bình thường', N'Bình thường', GETDATE(), GETDATE()),
(247, 127.1, 26.1, N'A', N'Không có', N'Không có', 10, 10, N'Bình thường', N'Bình thường', N'Bình thường', GETDATE(), GETDATE()),
(248, 124.1, 23.9, N'B', N'Không có', N'Không có', 10, 10, N'Bình thường', N'Bình thường', N'Bình thường', GETDATE(), GETDATE()),

-- 3A3 (249-278)
(249, 125.7, 25.3, N'O', N'Không có', N'Không có', 10, 10, N'Bình thường', N'Bình thường', N'Bình thường', GETDATE(), GETDATE()),
(250, 124.8, 24.6, N'A', N'Không có', N'Không có', 10, 10, N'Bình thường', N'Bình thường', N'Bình thường', GETDATE(), GETDATE()),
(251, 126.4, 25.7, N'B', N'Không có', N'Không có', 10, 10, N'Bình thường', N'Bình thường', N'Tốt', GETDATE(), GETDATE()),
(252, 125.0, 24.8, N'AB', N'Không có', N'Không có', 9, 10, N'Bình thường', N'Bình thường', N'Bình thường', GETDATE(), GETDATE()),
(253, 127.0, 26.0, N'O', N'Không có', N'Không có', 10, 10, N'Bình thường', N'Bình thường', N'Bình thường', GETDATE(), GETDATE()),
(254, 124.5, 24.3, N'A', N'Không có', N'Không có', 10, 10, N'Bình thường', N'Bình thường', N'Bình thường', GETDATE(), GETDATE()),
(255, 126.8, 25.9, N'B', N'Dị ứng bụi', N'Không có', 10, 10, N'Bình thường', N'Bình thường', N'Cần theo dõi', GETDATE(), GETDATE()),
(256, 125.0, 24.7, N'O', N'Không có', N'Không có', 10, 9, N'Bình thường', N'Bình thường', N'Bình thường', GETDATE(), GETDATE()),
(257, 127.5, 26.2, N'AB', N'Không có', N'Không có', 10, 10, N'Bình thường', N'Bình thường', N'Tốt', GETDATE(), GETDATE()),
(258, 124.8, 24.2, N'A', N'Không có', N'Không có', 10, 10, N'Bình thường', N'Bình thường', N'Bình thường', GETDATE(), GETDATE()),
(259, 125.8, 25.3, N'O', N'Không có', N'Không có', 10, 10, N'Bình thường', N'Bình thường', N'Bình thường', GETDATE(), GETDATE()),
(260, 124.3, 24.1, N'B', N'Không có', N'Không có', 9, 9, N'Bình thường', N'Bình thường', N'Bình thường', GETDATE(), GETDATE()),
(261, 126.5, 25.8, N'A', N'Không có', N'Không có', 10, 10, N'Bình thường', N'Bình thường', N'Tốt', GETDATE(), GETDATE()),
(262, 125.1, 24.9, N'AB', N'Không có', N'Không có', 10, 10, N'Bình thường', N'Bình thường', N'Bình thường', GETDATE(), GETDATE()),
(263, 127.3, 26.4, N'O', N'Không có', N'Không có', 10, 10, N'Bình thường', N'Bình thường', N'Tốt', GETDATE(), GETDATE()),
(264, 124.7, 24.5, N'A', N'Không có', N'Không có', 10, 10, N'Bình thường', N'Bình thường', N'Bình thường', GETDATE(), GETDATE()),
(265, 126.2, 25.6, N'B', N'Không có', N'Không có', 9, 10, N'Bình thường', N'Bình thường', N'Bình thường', GETDATE(), GETDATE()),
(266, 125.3, 25.0, N'O', N'Không có', N'Không có', 10, 10, N'Bình thường', N'Bình thường', N'Bình thường', GETDATE(), GETDATE()),
(267, 127.1, 26.1, N'AB', N'Không có', N'Không có', 10, 10, N'Bình thường', N'Bình thường', N'Tốt', GETDATE(), GETDATE()),
(268, 124.6, 24.4, N'A', N'Không có', N'Không có', 10, 10, N'Bình thường', N'Bình thường', N'Bình thường', GETDATE(), GETDATE()),
(269, 126.1, 25.5, N'B', N'Không có', N'Không có', 10, 10, N'Bình thường', N'Bình thường', N'Bình thường', GETDATE(), GETDATE()),
(270, 125.1, 24.9, N'O', N'Không có', N'Viêm xoang', 10, 10, N'Bình thường', N'Bình thường', N'Cần theo dõi', GETDATE(), GETDATE()),
(271, 127.4, 26.3, N'AB', N'Không có', N'Không có', 10, 10, N'Bình thường', N'Bình thường', N'Tốt', GETDATE(), GETDATE()),
(272, 124.9, 24.7, N'A', N'Không có', N'Không có', 10, 10, N'Bình thường', N'Bình thường', N'Bình thường', GETDATE(), GETDATE()),
(273, 127.6, 26.5, N'B', N'Không có', N'Không có', 10, 10, N'Bình thường', N'Bình thường', N'Bình thường', GETDATE(), GETDATE()),
(274, 124.2, 24.1, N'O', N'Không có', N'Không có', 9, 9, N'Bình thường', N'Bình thường', N'Bình thường', GETDATE(), GETDATE()),
(275, 126.7, 25.8, N'AB', N'Không có', N'Không có', 10, 10, N'Bình thường', N'Bình thường', N'Tốt', GETDATE(), GETDATE()),
(276, 125.6, 25.2, N'A', N'Không có', N'Không có', 10, 10, N'Bình thường', N'Bình thường', N'Bình thường', GETDATE(), GETDATE()),
(277, 127.2, 26.2, N'B', N'Không có', N'Không có', 10, 10, N'Bình thường', N'Bình thường', N'Bình thường', GETDATE(), GETDATE()),
(278, 124.1, 23.9, N'O', N'Không có', N'Không có', 10, 10, N'Bình thường', N'Bình thường', N'Bình thường', GETDATE(), GETDATE()),

-- Dữ liệu mẫu cho lớp 4 (279 - 368)
-- 4A1 (279-308)
(279, 130.0, 28.0, N'O', N'Không có', N'Không có', 10, 10, N'Bình thường', N'Bình thường', N'Bình thường', GETDATE(), GETDATE()),
(280, 129.5, 27.6, N'A', N'Không có', N'Không có', 10, 10, N'Bình thường', N'Bình thường', N'Bình thường', GETDATE(), GETDATE()),
(281, 131.0, 28.5, N'B', N'Không có', N'Không có', 10, 10, N'Bình thường', N'Bình thường', N'Tốt', GETDATE(), GETDATE()),
(282, 130.2, 27.8, N'AB', N'Không có', N'Không có', 9, 10, N'Bình thường', N'Bình thường', N'Bình thường', GETDATE(), GETDATE()),
(283, 132.0, 29.0, N'O', N'Không có', N'Không có', 10, 10, N'Bình thường', N'Bình thường', N'Bình thường', GETDATE(), GETDATE()),
(284, 129.0, 27.0, N'A', N'Không có', N'Không có', 10, 10, N'Bình thường', N'Bình thường', N'Bình thường', GETDATE(), GETDATE()),
(285, 131.5, 28.7, N'B', N'Dị ứng hải sản', N'Không có', 10, 10, N'Bình thường', N'Bình thường', N'Cần theo dõi', GETDATE(), GETDATE()),
(286, 130.0, 27.7, N'O', N'Không có', N'Không có', 10, 9, N'Bình thường', N'Bình thường', N'Bình thường', GETDATE(), GETDATE()),
(287, 132.5, 29.2, N'AB', N'Không có', N'Không có', 10, 10, N'Bình thường', N'Bình thường', N'Tốt', GETDATE(), GETDATE()),
(288, 129.8, 27.3, N'A', N'Không có', N'Không có', 10, 10, N'Bình thường', N'Bình thường', N'Bình thường', GETDATE(), GETDATE()),
(289, 130.8, 28.3, N'O', N'Không có', N'Không có', 10, 10, N'Bình thường', N'Bình thường', N'Bình thường', GETDATE(), GETDATE()),
(290, 129.3, 27.2, N'B', N'Không có', N'Không có', 9, 9, N'Bình thường', N'Bình thường', N'Bình thường', GETDATE(), GETDATE()),
(291, 131.8, 28.9, N'A', N'Không có', N'Không có', 10, 10, N'Bình thường', N'Bình thường', N'Tốt', GETDATE(), GETDATE()),
(292, 130.1, 27.9, N'AB', N'Không có', N'Không có', 10, 10, N'Bình thường', N'Bình thường', N'Bình thường', GETDATE(), GETDATE()),
(293, 132.3, 29.4, N'O', N'Không có', N'Không có', 10, 10, N'Bình thường', N'Bình thường', N'Tốt', GETDATE(), GETDATE()),
(294, 129.7, 27.5, N'A', N'Không có', N'Không có', 10, 10, N'Bình thường', N'Bình thường', N'Bình thường', GETDATE(), GETDATE()),
(295, 131.2, 28.6, N'B', N'Không có', N'Không có', 9, 10, N'Bình thường', N'Bình thường', N'Bình thường', GETDATE(), GETDATE()),
(296, 130.3, 28.0, N'O', N'Không có', N'Không có', 10, 10, N'Bình thường', N'Bình thường', N'Bình thường', GETDATE(), GETDATE()),
(297, 132.1, 29.1, N'AB', N'Không có', N'Không có', 10, 10, N'Bình thường', N'Bình thường', N'Tốt', GETDATE(), GETDATE()),
(298, 129.6, 27.4, N'A', N'Không có', N'Không có', 10, 10, N'Bình thường', N'Bình thường', N'Bình thường', GETDATE(), GETDATE()),
(299, 131.1, 28.5, N'B', N'Không có', N'Không có', 10, 10, N'Bình thường', N'Bình thường', N'Bình thường', GETDATE(), GETDATE()),
(300, 130.1, 27.9, N'O', N'Không có', N'Huyết áp thấp', 10, 10, N'Bình thường', N'Bình thường', N'Cần theo dõi', GETDATE(), GETDATE()),
(301, 132.4, 29.3, N'AB', N'Không có', N'Không có', 10, 10, N'Bình thường', N'Bình thường', N'Tốt', GETDATE(), GETDATE()),
(302, 129.9, 27.7, N'A', N'Không có', N'Không có', 10, 10, N'Bình thường', N'Bình thường', N'Bình thường', GETDATE(), GETDATE()),
(303, 132.6, 29.5, N'B', N'Không có', N'Không có', 10, 10, N'Bình thường', N'Bình thường', N'Bình thường', GETDATE(), GETDATE()),
(304, 129.2, 27.1, N'O', N'Không có', N'Không có', 9, 9, N'Bình thường', N'Bình thường', N'Bình thường', GETDATE(), GETDATE()),
(305, 131.7, 28.8, N'AB', N'Không có', N'Không có', 10, 10, N'Bình thường', N'Bình thường', N'Tốt', GETDATE(), GETDATE()),
(306, 130.6, 28.2, N'A', N'Không có', N'Không có', 10, 10, N'Bình thường', N'Bình thường', N'Bình thường', GETDATE(), GETDATE()),
(307, 132.2, 29.2, N'B', N'Không có', N'Không có', 10, 10, N'Bình thường', N'Bình thường', N'Bình thường', GETDATE(), GETDATE()),
(308, 129.4, 27.3, N'O', N'Không có', N'Không có', 10, 10, N'Bình thường', N'Bình thường', N'Bình thường', GETDATE(), GETDATE()),

-- 4A2 (309-338)
(309, 130.5, 28.1, N'A', N'Không có', N'Không có', 10, 10, N'Bình thường', N'Bình thường', N'Bình thường', GETDATE(), GETDATE()),
(310, 131.1, 28.6, N'B', N'Không có', N'Không có', 10, 10, N'Bình thường', N'Bình thường', N'Tốt', GETDATE(), GETDATE()),
(311, 130.0, 27.8, N'O', N'Dị ứng côn trùng', N'Không có', 10, 10, N'Bình thường', N'Bình thường', N'Cần theo dõi', GETDATE(), GETDATE()),
(312, 129.9, 27.7, N'AB', N'Không có', N'Không có', 9, 10, N'Bình thường', N'Bình thường', N'Bình thường', GETDATE(), GETDATE()),
(313, 132.0, 29.0, N'A', N'Không có', N'Không có', 10, 10, N'Bình thường', N'Bình thường', N'Bình thường', GETDATE(), GETDATE()),
(314, 129.6, 27.4, N'B', N'Không có', N'Không có', 10, 10, N'Bình thường', N'Bình thường', N'Bình thường', GETDATE(), GETDATE()),
(315, 131.5, 28.7, N'O', N'Không có', N'Không có', 10, 10, N'Bình thường', N'Bình thường', N'Tốt', GETDATE(), GETDATE()),
(316, 130.1, 27.9, N'AB', N'Không có', N'Không có', 10, 10, N'Bình thường', N'Bình thường', N'Bình thường', GETDATE(), GETDATE()),
(317, 132.2, 29.1, N'A', N'Không có', N'Không có', 10, 10, N'Bình thường', N'Bình thường', N'Bình thường', GETDATE(), GETDATE()),
(318, 129.0, 27.0, N'B', N'Không có', N'Không có', 9, 9, N'Bình thường', N'Bình thường', N'Bình thường', GETDATE(), GETDATE()),
(319, 130.8, 28.3, N'O', N'Không có', N'Không có', 10, 10, N'Bình thường', N'Bình thường', N'Bình thường', GETDATE(), GETDATE()),
(320, 129.3, 27.2, N'AB', N'Không có', N'Không có', 10, 10, N'Bình thường', N'Bình thường', N'Bình thường', GETDATE(), GETDATE()),
(321, 131.6, 28.8, N'A', N'Không có', N'Không có', 10, 10, N'Bình thường', N'Bình thường', N'Tốt', GETDATE(), GETDATE()),
(322, 130.2, 28.0, N'B', N'Không có', N'Không có', 10, 10, N'Bình thường', N'Bình thường', N'Bình thường', GETDATE(), GETDATE()),
(323, 132.4, 29.3, N'O', N'Không có', N'Không có', 10, 10, N'Bình thường', N'Bình thường', N'Bình thường', GETDATE(), GETDATE()),
(324, 129.7, 27.5, N'AB', N'Không có', N'Không có', 9, 10, N'Bình thường', N'Bình thường', N'Bình thường', GETDATE(), GETDATE()),
(325, 131.1, 28.5, N'A', N'Không có', N'Không có', 10, 10, N'Bình thường', N'Bình thường', N'Bình thường', GETDATE(), GETDATE()),
(326, 130.4, 28.1, N'B', N'Không có', N'Không có', 10, 10, N'Bình thường', N'Bình thường', N'Bình thường', GETDATE(), GETDATE()),
(327, 132.3, 29.2, N'O', N'Không có', N'Không có', 10, 10, N'Bình thường', N'Bình thường', N'Tốt', GETDATE(), GETDATE()),
(328, 129.5, 27.3, N'AB', N'Dị ứng phấn hoa', N'Không có', 10, 10, N'Bình thường', N'Bình thường', N'Cần theo dõi', GETDATE(), GETDATE()),
(329, 131.0, 28.4, N'A', N'Không có', N'Không có', 10, 10, N'Bình thường', N'Bình thường', N'Bình thường', GETDATE(), GETDATE()),
(330, 130.0, 27.8, N'B', N'Không có', N'Không có', 10, 10, N'Bình thường', N'Bình thường', N'Bình thường', GETDATE(), GETDATE()),
(331, 132.1, 29.0, N'O', N'Không có', N'Không có', 10, 10, N'Bình thường', N'Bình thường', N'Tốt', GETDATE(), GETDATE()),
(332, 129.8, 27.6, N'AB', N'Không có', N'Không có', 9, 9, N'Bình thường', N'Bình thường', N'Bình thường', GETDATE(), GETDATE()),
(333, 132.5, 29.4, N'A', N'Không có', N'Không có', 10, 10, N'Bình thường', N'Bình thường', N'Bình thường', GETDATE(), GETDATE()),
(334, 129.1, 27.0, N'B', N'Không có', N'Không có', 10, 10, N'Bình thường', N'Bình thường', N'Bình thường', GETDATE(), GETDATE()),
(335, 131.7, 28.9, N'O', N'Không có', N'Không có', 10, 10, N'Bình thường', N'Bình thường', N'Tốt', GETDATE(), GETDATE()),
(336, 130.5, 28.2, N'AB', N'Không có', N'Không có', 10, 10, N'Bình thường', N'Bình thường', N'Bình thường', GETDATE(), GETDATE()),
(337, 132.2, 29.1, N'A', N'Không có', N'Không có', 10, 10, N'Bình thường', N'Bình thường', N'Bình thường', GETDATE(), GETDATE()),
(338, 129.4, 27.2, N'B', N'Không có', N'Không có', 10, 10, N'Bình thường', N'Bình thường', N'Bình thường', GETDATE(), GETDATE()),

-- 4A3 (339-368)
(339, 130.7, 28.3, N'O', N'Không có', N'Không có', 10, 10, N'Bình thường', N'Bình thường', N'Bình thường', GETDATE(), GETDATE()),
(340, 129.8, 27.6, N'A', N'Không có', N'Không có', 10, 10, N'Bình thường', N'Bình thường', N'Bình thường', GETDATE(), GETDATE()),
(341, 131.4, 28.7, N'B', N'Không có', N'Không có', 10, 10, N'Bình thường', N'Bình thường', N'Tốt', GETDATE(), GETDATE()),
(342, 130.0, 27.8, N'AB', N'Không có', N'Không có', 9, 10, N'Bình thường', N'Bình thường', N'Bình thường', GETDATE(), GETDATE()),
(343, 132.0, 29.0, N'O', N'Không có', N'Không có', 10, 10, N'Bình thường', N'Bình thường', N'Bình thường', GETDATE(), GETDATE()),
(344, 129.5, 27.3, N'A', N'Không có', N'Không có', 10, 10, N'Bình thường', N'Bình thường', N'Bình thường', GETDATE(), GETDATE()),
(345, 131.8, 28.9, N'B', N'Dị ứng sữa', N'Không có', 10, 10, N'Bình thường', N'Bình thường', N'Cần theo dõi', GETDATE(), GETDATE()),
(346, 130.0, 27.7, N'O', N'Không có', N'Không có', 10, 9, N'Bình thường', N'Bình thường', N'Bình thường', GETDATE(), GETDATE()),
(347, 132.5, 29.2, N'AB', N'Không có', N'Không có', 10, 10, N'Bình thường', N'Bình thường', N'Tốt', GETDATE(), GETDATE()),
(348, 129.8, 27.2, N'A', N'Không có', N'Không có', 10, 10, N'Bình thường', N'Bình thường', N'Bình thường', GETDATE(), GETDATE()),
(349, 130.8, 28.3, N'O', N'Không có', N'Không có', 10, 10, N'Bình thường', N'Bình thường', N'Bình thường', GETDATE(), GETDATE()),
(350, 129.3, 27.1, N'B', N'Không có', N'Không có', 9, 9, N'Bình thường', N'Bình thường', N'Bình thường', GETDATE(), GETDATE()),
(351, 131.5, 28.8, N'A', N'Không có', N'Không có', 10, 10, N'Bình thường', N'Bình thường', N'Tốt', GETDATE(), GETDATE()),
(352, 130.1, 27.9, N'AB', N'Không có', N'Không có', 10, 10, N'Bình thường', N'Bình thường', N'Bình thường', GETDATE(), GETDATE()),
(353, 132.3, 29.4, N'O', N'Không có', N'Không có', 10, 10, N'Bình thường', N'Bình thường', N'Tốt', GETDATE(), GETDATE()),
(354, 129.7, 27.5, N'A', N'Không có', N'Không có', 10, 10, N'Bình thường', N'Bình thường', N'Bình thường', GETDATE(), GETDATE()),
(355, 131.2, 28.6, N'B', N'Không có', N'Không có', 9, 10, N'Bình thường', N'Bình thường', N'Bình thường', GETDATE(), GETDATE()),
(356, 130.3, 28.0, N'O', N'Không có', N'Không có', 10, 10, N'Bình thường', N'Bình thường', N'Bình thường', GETDATE(), GETDATE()),
(357, 132.1, 29.1, N'AB', N'Không có', N'Không có', 10, 10, N'Bình thường', N'Bình thường', N'Tốt', GETDATE(), GETDATE()),
(358, 129.6, 27.4, N'A', N'Không có', N'Không có', 10, 10, N'Bình thường', N'Bình thường', N'Bình thường', GETDATE(), GETDATE()),
(359, 131.1, 28.5, N'B', N'Không có', N'Không có', 10, 10, N'Bình thường', N'Bình thường', N'Bình thường', GETDATE(), GETDATE()),
(360, 130.1, 27.9, N'O', N'Không có', N'Hen suyễn', 10, 10, N'Bình thường', N'Bình thường', N'Cần theo dõi', GETDATE(), GETDATE()),
(361, 132.4, 29.3, N'AB', N'Không có', N'Không có', 10, 10, N'Bình thường', N'Bình thường', N'Tốt', GETDATE(), GETDATE()),
(362, 129.9, 27.7, N'A', N'Không có', N'Không có', 8, 8, N'Bình thường', N'Bình thường', N'Bình thường', GETDATE(), GETDATE()),
(363, 132.6, 29.5, N'B', N'Không có', N'Không có', 10, 10, N'Bình thường', N'Bình thường', N'Bình thường', GETDATE(), GETDATE()),
(364, 129.2, 27.1, N'O', N'Không có', N'Không có', 9, 9, N'Bình thường', N'Bình thường', N'Bình thường', GETDATE(), GETDATE()),
(365, 131.7, 28.8, N'AB', N'Không có', N'Không có', 10, 10, N'Bình thường', N'Bình thường', N'Tốt', GETDATE(), GETDATE()),
(366, 130.6, 28.2, N'A', N'Không có', N'Không có', 10, 10, N'Bình thường', N'Bình thường', N'Bình thường', GETDATE(), GETDATE()),
(367, 132.2, 29.2, N'B', N'Không có', N'Không có', 10, 10, N'Bình thường', N'Bình thường', N'Bình thường', GETDATE(), GETDATE()),
(368, 129.4, 27.3, N'O', N'Không có', N'Không có', 10, 10, N'Bình thường', N'Bình thường', N'Bình thường', GETDATE(), GETDATE()),

-- Dữ liệu mẫu cho lớp 5 (369 - 458)
-- 5A1 (369-398)
(369, 135.0, 32.0, N'O', N'Không có', N'Không có', 10, 10, N'Bình thường', N'Bình thường', N'Bình thường', GETDATE(), GETDATE()),
(370, 134.5, 31.6, N'A', N'Không có', N'Không có', 10, 10, N'Bình thường', N'Bình thường', N'Bình thường', GETDATE(), GETDATE()),
(371, 136.0, 32.5, N'B', N'Không có', N'Không có', 10, 10, N'Bình thường', N'Bình thường', N'Tốt', GETDATE(), GETDATE()),
(372, 135.2, 31.8, N'AB', N'Không có', N'Không có', 9, 10, N'Bình thường', N'Bình thường', N'Bình thường', GETDATE(), GETDATE()),
(373, 137.0, 33.0, N'O', N'Không có', N'Không có', 10, 10, N'Bình thường', N'Bình thường', N'Bình thường', GETDATE(), GETDATE()),
(374, 134.0, 31.0, N'A', N'Không có', N'Không có', 10, 10, N'Bình thường', N'Bình thường', N'Bình thường', GETDATE(), GETDATE()),
(375, 136.5, 32.8, N'B', N'Dị ứng phấn hoa', N'Không có', 10, 10, N'Bình thường', N'Bình thường', N'Cần theo dõi', GETDATE(), GETDATE()),
(376, 135.0, 31.7, N'O', N'Không có', N'Không có', 10, 9, N'Bình thường', N'Bình thường', N'Bình thường', GETDATE(), GETDATE()),
(377, 137.5, 33.2, N'AB', N'Không có', N'Không có', 10, 10, N'Bình thường', N'Bình thường', N'Tốt', GETDATE(), GETDATE()),
(378, 134.8, 31.3, N'A', N'Không có', N'Không có', 10, 10, N'Bình thường', N'Bình thường', N'Bình thường', GETDATE(), GETDATE()),
(379, 135.8, 32.3, N'O', N'Không có', N'Không có', 10, 10, N'Bình thường', N'Bình thường', N'Bình thường', GETDATE(), GETDATE()),
(380, 134.3, 31.2, N'B', N'Không có', N'Không có', 9, 9, N'Bình thường', N'Bình thường', N'Bình thường', GETDATE(), GETDATE()),
(381, 136.8, 32.9, N'A', N'Không có', N'Không có', 10, 10, N'Bình thường', N'Bình thường', N'Tốt', GETDATE(), GETDATE()),
(382, 135.1, 31.9, N'AB', N'Không có', N'Không có', 10, 10, N'Bình thường', N'Bình thường', N'Bình thường', GETDATE(), GETDATE()),
(383, 137.3, 33.4, N'O', N'Không có', N'Không có', 10, 10, N'Bình thường', N'Bình thường', N'Tốt', GETDATE(), GETDATE()),
(384, 134.7, 31.5, N'A', N'Không có', N'Không có', 10, 10, N'Bình thường', N'Bình thường', N'Bình thường', GETDATE(), GETDATE()),
(385, 136.2, 32.6, N'B', N'Không có', N'Không có', 9, 10, N'Bình thường', N'Bình thường', N'Bình thường', GETDATE(), GETDATE()),
(386, 135.3, 32.0, N'O', N'Không có', N'Không có', 10, 10, N'Bình thường', N'Bình thường', N'Bình thường', GETDATE(), GETDATE()),
(387, 137.1, 33.1, N'AB', N'Không có', N'Không có', 10, 10, N'Bình thường', N'Bình thường', N'Tốt', GETDATE(), GETDATE()),
(388, 134.6, 31.4, N'A', N'Không có', N'Không có', 10, 10, N'Bình thường', N'Bình thường', N'Bình thường', GETDATE(), GETDATE()),
(389, 136.1, 32.5, N'B', N'Không có', N'Không có', 10, 10, N'Bình thường', N'Bình thường', N'Bình thường', GETDATE(), GETDATE()),
(390, 135.1, 31.9, N'O', N'Không có', N'Béo phì độ 1', 10, 10, N'Bình thường', N'Bình thường', N'Cần theo dõi', GETDATE(), GETDATE()),
(391, 137.4, 33.3, N'AB', N'Không có', N'Không có', 10, 10, N'Bình thường', N'Bình thường', N'Tốt', GETDATE(), GETDATE()),
(392, 134.9, 31.7, N'A', N'Không có', N'Không có', 10, 10, N'Bình thường', N'Bình thường', N'Bình thường', GETDATE(), GETDATE()),
(393, 137.6, 33.5, N'B', N'Không có', N'Không có', 10, 10, N'Bình thường', N'Bình thường', N'Bình thường', GETDATE(), GETDATE()),
(394, 134.2, 31.1, N'O', N'Không có', N'Không có', 9, 9, N'Bình thường', N'Bình thường', N'Bình thường', GETDATE(), GETDATE()),
(395, 136.7, 32.8, N'AB', N'Không có', N'Không có', 10, 10, N'Bình thường', N'Bình thường', N'Tốt', GETDATE(), GETDATE()),
(396, 135.6, 32.2, N'A', N'Không có', N'Không có', 10, 10, N'Bình thường', N'Bình thường', N'Bình thường', GETDATE(), GETDATE()),
(397, 137.2, 33.2, N'B', N'Không có', N'Không có', 10, 10, N'Bình thường', N'Bình thường', N'Bình thường', GETDATE(), GETDATE()),
(398, 134.1, 31.0, N'O', N'Không có', N'Không có', 10, 10, N'Bình thường', N'Bình thường', N'Bình thường', GETDATE(), GETDATE()),

-- 5A2 (399-428)
(399, 135.5, 32.1, N'A', N'Không có', N'Không có', 10, 10, N'Bình thường', N'Bình thường', N'Bình thường', GETDATE(), GETDATE()),
(400, 136.1, 32.6, N'B', N'Không có', N'Không có', 10, 10, N'Bình thường', N'Bình thường', N'Tốt', GETDATE(), GETDATE()),
(401, 135.0, 31.8, N'O', N'Dị ứng hải sản', N'Không có', 10, 10, N'Bình thường', N'Bình thường', N'Cần theo dõi', GETDATE(), GETDATE()),
(402, 134.9, 31.7, N'AB', N'Không có', N'Không có', 9, 10, N'Bình thường', N'Bình thường', N'Bình thường', GETDATE(), GETDATE()),
(403, 137.0, 33.0, N'A', N'Không có', N'Không có', 10, 10, N'Bình thường', N'Bình thường', N'Bình thường', GETDATE(), GETDATE()),
(404, 134.6, 31.4, N'B', N'Không có', N'Không có', 10, 10, N'Bình thường', N'Bình thường', N'Bình thường', GETDATE(), GETDATE()),
(405, 136.5, 32.8, N'O', N'Không có', N'Không có', 10, 10, N'Bình thường', N'Bình thường', N'Tốt', GETDATE(), GETDATE()),
(406, 135.1, 31.9, N'AB', N'Không có', N'Không có', 10, 10, N'Bình thường', N'Bình thường', N'Bình thường', GETDATE(), GETDATE()),
(407, 137.2, 33.1, N'A', N'Không có', N'Không có', 10, 10, N'Bình thường', N'Bình thường', N'Bình thường', GETDATE(), GETDATE()),
(408, 134.0, 30.9, N'B', N'Không có', N'Không có', 9, 9, N'Bình thường', N'Bình thường', N'Bình thường', GETDATE(), GETDATE()),
(409, 135.8, 32.2, N'O', N'Không có', N'Không có', 10, 10, N'Bình thường', N'Bình thường', N'Bình thường', GETDATE(), GETDATE()),
(410, 134.3, 31.1, N'AB', N'Không có', N'Không có', 10, 10, N'Bình thường', N'Bình thường', N'Bình thường', GETDATE(), GETDATE()),
(411, 136.6, 32.7, N'A', N'Không có', N'Không có', 10, 10, N'Bình thường', N'Bình thường', N'Tốt', GETDATE(), GETDATE()),
(412, 135.2, 32.0, N'B', N'Không có', N'Không có', 10, 10, N'Bình thường', N'Bình thường', N'Bình thường', GETDATE(), GETDATE()),
(413, 137.4, 33.3, N'O', N'Không có', N'Không có', 10, 10, N'Bình thường', N'Bình thường', N'Bình thường', GETDATE(), GETDATE()),
(414, 134.7, 31.5, N'AB', N'Không có', N'Không có', 9, 10, N'Bình thường', N'Bình thường', N'Bình thường', GETDATE(), GETDATE()),
(415, 136.1, 32.5, N'A', N'Không có', N'Không có', 10, 10, N'Bình thường', N'Bình thường', N'Bình thường', GETDATE(), GETDATE()),
(416, 135.3, 32.1, N'B', N'Không có', N'Không có', 8, 9, N'Bình thường', N'Bình thường', N'Bình thường', GETDATE(), GETDATE()),
(417, 137.1, 33.2, N'O', N'Không có', N'Không có', 10, 10, N'Bình thường', N'Bình thường', N'Tốt', GETDATE(), GETDATE()),
(418, 134.5, 31.3, N'AB', N'Dị ứng côn trùng', N'Không có', 10, 10, N'Bình thường', N'Bình thường', N'Cần theo dõi', GETDATE(), GETDATE()),
(419, 136.0, 32.4, N'A', N'Không có', N'Không có', 10, 10, N'Bình thường', N'Bình thường', N'Bình thường', GETDATE(), GETDATE()),
(420, 135.0, 31.8, N'B', N'Không có', N'Không có', 10, 10, N'Bình thường', N'Bình thường', N'Bình thường', GETDATE(), GETDATE()),
(421, 137.0, 33.0, N'O', N'Không có', N'Không có', 10, 10, N'Bình thường', N'Bình thường', N'Tốt', GETDATE(), GETDATE()),
(422, 134.8, 31.6, N'AB', N'Không có', N'Không có', 9, 9, N'Bình thường', N'Bình thường', N'Bình thường', GETDATE(), GETDATE()),
(423, 137.5, 33.4, N'A', N'Không có', N'Không có', 10, 10, N'Bình thường', N'Bình thường', N'Bình thường', GETDATE(), GETDATE()),
(424, 134.1, 31.0, N'B', N'Không có', N'Không có', 10, 10, N'Bình thường', N'Bình thường', N'Bình thường', GETDATE(), GETDATE()),
(425, 136.7, 32.9, N'O', N'Không có', N'Không có', 10, 10, N'Bình thường', N'Bình thường', N'Tốt', GETDATE(), GETDATE()),
(426, 135.4, 32.2, N'AB', N'Không có', N'Không có', 10, 10, N'Bình thường', N'Bình thường', N'Bình thường', GETDATE(), GETDATE()),
(427, 137.2, 33.1, N'A', N'Không có', N'Không có', 10, 10, N'Bình thường', N'Bình thường', N'Bình thường', GETDATE(), GETDATE()),
(428, 134.2, 31.1, N'B', N'Không có', N'Không có', 10, 10, N'Bình thường', N'Bình thường', N'Bình thường', GETDATE(), GETDATE()),

-- 5A3 (429-458)
(429, 135.7, 32.3, N'O', N'Không có', N'Không có', 10, 10, N'Bình thường', N'Bình thường', N'Bình thường', GETDATE(), GETDATE()),
(430, 134.8, 31.6, N'A', N'Không có', N'Không có', 10, 10, N'Bình thường', N'Bình thường', N'Bình thường', GETDATE(), GETDATE()),
(431, 136.4, 32.7, N'B', N'Không có', N'Không có', 10, 10, N'Bình thường', N'Bình thường', N'Tốt', GETDATE(), GETDATE()),
(432, 135.0, 31.8, N'AB', N'Không có', N'Không có', 9, 10, N'Bình thường', N'Bình thường', N'Bình thường', GETDATE(), GETDATE()),
(433, 137.0, 33.0, N'O', N'Không có', N'Không có', 10, 10, N'Bình thường', N'Bình thường', N'Bình thường', GETDATE(), GETDATE()),
(434, 134.5, 31.3, N'A', N'Không có', N'Không có', 10, 10, N'Bình thường', N'Bình thường', N'Bình thường', GETDATE(), GETDATE()),
(435, 136.8, 32.9, N'B', N'Dị ứng thuốc', N'Không có', 10, 10, N'Bình thường', N'Bình thường', N'Cần theo dõi', GETDATE(), GETDATE()),
(436, 135.0, 31.7, N'O', N'Không có', N'Không có', 10, 9, N'Bình thường', N'Bình thường', N'Bình thường', GETDATE(), GETDATE()),
(437, 137.5, 33.2, N'AB', N'Không có', N'Không có', 10, 10, N'Bình thường', N'Bình thường', N'Tốt', GETDATE(), GETDATE()),
(438, 134.8, 31.2, N'A', N'Không có', N'Không có', 10, 10, N'Bình thường', N'Bình thường', N'Bình thường', GETDATE(), GETDATE()),
(439, 135.8, 32.3, N'O', N'Không có', N'Không có', 10, 10, N'Bình thường', N'Bình thường', N'Bình thường', GETDATE(), GETDATE()),
(440, 134.3, 31.1, N'B', N'Không có', N'Không có', 9, 9, N'Bình thường', N'Bình thường', N'Bình thường', GETDATE(), GETDATE()),
(441, 136.5, 32.8, N'A', N'Không có', N'Không có', 10, 10, N'Bình thường', N'Bình thường', N'Tốt', GETDATE(), GETDATE()),
(442, 135.1, 31.9, N'AB', N'Không có', N'Không có', 10, 10, N'Bình thường', N'Bình thường', N'Bình thường', GETDATE(), GETDATE()),
(443, 137.3, 33.4, N'O', N'Không có', N'Không có', 10, 10, N'Bình thường', N'Bình thường', N'Tốt', GETDATE(), GETDATE()),
(444, 134.7, 31.5, N'A', N'Không có', N'Không có', 10, 10, N'Bình thường', N'Bình thường', N'Bình thường', GETDATE(), GETDATE()),
(445, 136.2, 32.6, N'B', N'Không có', N'Không có', 9, 10, N'Bình thường', N'Bình thường', N'Bình thường', GETDATE(), GETDATE()),
(446, 135.3, 32.0, N'O', N'Không có', N'Không có', 10, 10, N'Bình thường', N'Bình thường', N'Bình thường', GETDATE(), GETDATE()),
(447, 137.1, 33.1, N'AB', N'Không có', N'Không có', 10, 10, N'Bình thường', N'Bình thường', N'Tốt', GETDATE(), GETDATE()),
(448, 134.6, 31.4, N'A', N'Không có', N'Không có', 10, 10, N'Bình thường', N'Bình thường', N'Bình thường', GETDATE(), GETDATE()),
(449, 136.1, 32.5, N'B', N'Không có', N'Không có', 10, 10, N'Bình thường', N'Bình thường', N'Bình thường', GETDATE(), GETDATE()),
(450, 135.1, 31.9, N'O', N'Không có', N'Viêm xoang', 10, 10, N'Bình thường', N'Bình thường', N'Cần theo dõi', GETDATE(), GETDATE());

INSERT INTO [SWP391].[dbo].[Medical_Supply]
    ([name], [type], [unit], [quantity], [description], [expired_date], [is_active])
VALUES
(N'Nhiệt kế điện tử', N'Dụng cụ đo', N'cái', 5, N'Nhiệt kế điện tử đo nhanh trong 10 giây', '2026-01-01', 1),
(N'Hộp sơ cứu', N'Dụng cụ sơ cứu', N'hộp', 2, N'Hộp sơ cứu đầy đủ dụng cụ y tế cơ bản', '2028-12-31', 1),
(N'Băng keo cá nhân', N'Vật tư tiêu hao', N'hộp', 10, N'Băng dán vết thương loại nhỏ cho trẻ em', '2026-06-15', 1),
(N'Gạc vô trùng', N'Vật tư tiêu hao', N'gói', 20, N'Gạc vô trùng dùng cho sơ cứu', '2025-12-30', 1),
(N'Bông y tế', N'Vật tư tiêu hao', N'gói', 15, N'Bông cuộn thấm hút dùng lau chùi vết thương', '2025-09-01', 1),
(N'Cồn 70 độ', N'Dung dịch sát khuẩn', N'chai', 10, N'Dung dịch cồn ethanol 70%', '2025-11-01', 1),
(N'Paracetamol 250mg', N'Thuốc hạ sốt', N'vỉ', 5, N'Thuốc hạ sốt liều dùng cho trẻ em', '2026-03-20', 1),
(N'Thuốc ho siro', N'Thuốc điều trị ho', N'chai', 6, N'Siro ho thảo dược dành cho trẻ em', '2026-02-10', 1),
(N'Oresol', N'Dung dịch bù nước', N'gói', 10, N'Oresol pha uống bù nước khi tiêu chảy hoặc sốt cao', '2026-07-01', 1),
(N'Berberin 10mg', N'Thuốc tiêu chảy', N'vỉ', 6, N'Thuốc điều trị tiêu chảy nhẹ, viêm ruột', '2026-03-15', 1),
(N'Oresol gói', N'Dung dịch bù nước', N'gói', 10, N'Oresol giúp bù nước và điện giải khi tiêu chảy', '2026-07-01', 1),
(N'Găng tay y tế', N'Dụng cụ bảo hộ', N'hộp', 3, N'Găng tay cao su không bột, dùng một lần', '2026-01-01', 1),
(N'Khẩu trang y tế', N'Dụng cụ phòng bệnh', N'hộp', 10, N'Khẩu trang 3 lớp lọc bụi, virus', '2026-04-01', 1),
(N'Nước muối sinh lý 0.9%', N'Dung dịch vệ sinh', N'chai', 8, N'Dùng để vệ sinh mắt, mũi, họng', '2026-06-15', 1),
(N'Fenistil Gel', N'Thuốc bôi trị ngứa', N'tuýp', 4, N'Thuốc bôi ngoài da giảm ngứa do côn trùng cắn, mẩn đỏ', '2026-03-10', 1),
(N'Chlorpheniramine 4mg', N'Thuốc dị ứng', N'vỉ', 6, N'Thuốc uống trị ngứa, dị ứng, nổi mề đay nhẹ', '2026-04-10', 1),
(N'Silvirin Cream', N'Thuốc bôi bỏng', N'tuýp', 2, N'Kem bôi làm dịu vùng da bị bỏng nhẹ', '2026-01-10', 1);